index,user,expected,onchain,action,txHash,status
0,0x00ce968a3678cdabfe3715101d9c7cb328135296,10.0,0.0,ADDED,0xcfdc77cc2bb445f0820f18d236af5743cb0f2353fce899c42e5c3217bdc40d6f,OK
1,0x0245143995ee2a729d4f5391a68726b47db5050f,100.0,0.0,ADDED,0xca2b1f5195d9072ac5da4058a23d49627b9da0863af1786e7906e5cad86f2f7b,OK
2,0x02d4c28e34b5db699480d1332599a51039cbb445,20.0,0.0,ADDED,0x782c3b2d6abfa28d0d6c070dc09df5bc39c1843c67bab396eb4c6409503242f7,OK
3,0x033bcb901cbfcab1180a4888cf34ef6c032bf4b1,10.0,0.0,ADDED,0x5a93cd3a544b84bf2f58b1beb71e2e27ba1b51758318686c62167ae1ebbce0f2,OK
4,0x041b310b7e0ab39ca0cc2ce1dd3c12e25f6a3c9e,100.0,0.0,ADDED,0xbbd95a21311f0bbfe26e16783ac8b99e28c73f133781894977618ad93c9cad7f,OK
5,0x05762bf912b0d155ad17fae32096aa3f5b9500a6,20.0,0.0,ADDED,0xf4168badedcffdc80037bdb8f0cfc777c4c7b8b04543b26d88c82d72922931a4,OK
6,0x057dee95b5df8cbbaeb0759efd153591680de431,100.0,0.0,ADDED,0xcd910fa18743204890c28c4ee4add4483557f8b4556900f7ae4741a2d3d1238a,OK
7,0x0742d2fc58566f929e60bd818a10225933eb5198,20.0,0.0,ADDED,0x3ff6cd371d79721d63b7de07126c972feefae8a966fc060478995dcd8617030a,OK
8,0x08b32b6ae25b181b166bbf207db05438bda50590,20.0,0.0,ADDED,0xca7cfee71d48d650b2e7e3aaafefd304586481899802b65812755d8302437545,OK
9,0x09558ed22ff683210b415f9b91086000ce1813a6,40.0,0.0,ADDED,0x9e5e22e9ecc12ee8f93b85eecb4392b2f155e2b486de55394acfa81bb3c6ec97,OK
10,0x09ef841042e7edc5719956eeb14e0c82e849cdc2,10.0,0.0,ADDED,0xdf4b38927974df9e1749e3f89da5f71267f1f4b9f21c3b9f957598bb9f046647,OK
11,0x0c1d0d7418dc85ca3485b829f5b9075fb456d9cc,20.0,0.0,ADDED,0x48a3854c562555f4912b642bf893846fd5cf5f313b4ef8c2978cd08d45dadc39,OK
12,0x0e7e8b658275fd6046357ae8e2e22be3916001b6,250.0,0.0,ADDED,0xe61a07811ea09a108848c7f80cd64850e5346b1f0f0f7c7b3133332ee5dad59f,OK
13,0x0ea7403a3c84927554b2d674ea473218dff95244,20.0,0.0,ADDED,0x803d0524b2112132926718260c64896bfc157aca9b03a103068526e3d426a620,OK
14,0x0fe5f79a2c3ae8b88b595e0036eb893f7b1ecfcd,10.0,0.0,ADDED,0x88af7b4bac62aa68b2f1793ed12f1bbc2584a57b1dbc42d9ce1151c8085f1cfa,OK
15,0x111e48c3cb865032c465202e5d1d3688de2f56da,200.0,0.0,ADDED,0xdf22e3bae5547185119522a94107c06eb515140c2b9504ed02f9728a66ade14e,OK
16,0x115d3cc67e42f3e1c3e49b6c578e7947527e509a,10.0,0.0,ADDED,0xaa5d04d9820627e145fd7c2139f72ca4f7d0c99d3c1f2c23aaccb5070a8908ce,OK
17,0x1160b72e0ed83c893847e2b0825f1e3f008d37c3,24.0,0.0,ADDED,0x177ed8e4fc895820da24f30fd27af529dca6f4c34695c2301a87dbad2738a46b,OK
18,0x11e6a2b45b1456eec2c3772115ed3a5768ed531d,10.0,0.0,ADDED,0x26ca782b0dd0bdcb281ede0c1825004d64666c7517cf938a397a11878a6d1dd4,OK
19,0x128b0140479002c0cc02dcf943f51a0fabccae99,20.0,0.0,ADDED,0x80e011448b065214fc866839a80601d57c5923c8a1350f07ae4d6f46c649cae6,OK
20,0x12f94941ff6f571a33228a67f8944acb33369fc9,70.0,0.0,ADDED,0x2c35cfb89b9db8868f01861afbc2e1d40caa30b69a630581fb14c464d57ff4a6,OK
21,0x130cc80b522fdb0e9d3897e95ab7d9e5de02efe9,560.0,0.0,ADDED,0x7dfdd5ccb0621cef19b2a5a38f159ea7b983ac4d1500096b81700d1c0f78e542,OK
22,0x134fb07bd53259430a2e2937c2fa80a46fe4cce5,10.0,0.0,ADDED,0xe5bac0776d8bc559835b563e3de72b0797cb44f28e4f3a5637826a47d97fbd28,OK
23,0x1398e515bac51ab8c8e3e49c4bc60f36b0abc94d,24.0,0.0,ADDED,0x45f9a74daee11075dcd27a9861e55338aaa982d164348d3d1589cc4026a3b875,OK
24,0x1433a3fe62e48258ea27b4fb77ea8426393db6e9,200.0,0.0,ADDED,0x03bf418636da07989713dd0ee7f4f8e6620c901c548030afff272189d2f19d9b,OK
25,0x15a8c90599a3a9a3eaff236f8c4165d5e9c8395b,10.0,0.0,ADDED,0xacd8273dc8a28c80ddd7869281d798b79222b9f400d82d5423e654d631848ff0,OK
26,0x16fdb82f1d287cf3e40620ac3997962ac55c9c28,20.0,0.0,ADDED,0xc6cb528c08cbafe50b7acded7e3594197106e961b0e2432f11bc59eea636722a,OK
27,0x18cd7eb414b2c6251674318b285204957fe09df0,300.0,0.0,ADDED,0xcfcdfd48ad81ca98a3c8267aaf71880b87490396480263ba8d7f5336b60f0844,OK
28,0x1904d9b7835ad385a276a306f437d726613b3c0e,25.0,0.0,ADDED,0x7f049167c52463d4cdc848d2b63f6674e4edfba28a9edd4465304d5ea89687ea,OK
29,0x1955b1cf9fe40eae1a9637dd7c6ad78baaf603da,10.0,0.0,ADDED,0x2d050f97d9bf0da957476b8f3e40605f0622dac9355f803fc0c956edc8ddcf38,OK
30,0xd3b8d78c447c64ebb1d9815abb1019ea2cba74fb,20.0,0.0,ADDED,0x3dd09cb0d687a342b763f2ccba63b0d1ec41d6eeb6dba7406860636a6205b682,OK
31,0x19d34671b0b1d94fa73a0fb117798eaae48d4d4f,10.0,0.0,ADDED,0xd09446d73db0fdccfb230ec4b166b5e7f4ec1f3565cd6975016aa960644dbba5,OK
32,0x1a2e414f6e95cadcf73ae1890796371185d32fcb,100.0,0.0,ADDED,0xed704f98ee157c6f5d7735900a83cbd0c3e2458a8a14bd16badc05f86987e450,OK
33,0x1b12211272b004ddf485dee46b3a212777ca3c77,100.0,0.0,ADDED,0x5a8d7a7facc1bb679ed36cc1dd269cb76de7e295be093ac59146468cdc699619,OK
34,0x1c1cbd5b8ce6980879d08f57da7047d9530eca11,320.0,0.0,ADDED,0xd4fc579d49ef02bb2371bfb3be75e9bafc9033df5df2e338556ebb7329842dcb,OK
35,0x1c554b4ba2e2ce82dfc2b89591a7ce259c7dcafa,20.0,0.0,ADDED,0x975c9814ed4f67a7faec6fa3cc972f177eb67f72fe59491e391f3af39169bc36,OK
36,0x1c806e07146c414ce1f0406819e02a876c1e70a2,20.0,0.0,ADDED,0xbec03bdf570c27ab448a88a535d6814ee75bdb6db36494f5938632da00dd06ef,OK
37,0x1d6edffdd6aa8ef937e25c676b808cd89b523b1c,114.0,0.0,ADDED,0xe6e3a401484b6e1f3a303d2b66508232c97aa7070300b28bee5ef0212fd3c222,OK
38,0x1e9fb8b65be4cc682bd75e499e6cb9114c4d719e,50.0,0.0,ADDED,0x217d538d9c5517e82901251d75446e705a9e60951c67ea1bb5fa21e6ef044927,OK
39,0x1ee2f2ccd2de113b4fbc0b9251680cb27a602881,20.0,0.0,ADDED,0x3016cbb81bf3490ff72ada02eef00bcf45c0e1cb00484c5f391ed83bcd766d3c,OK
40,0x2158b8d5b1479c0a5fa210f39c184e747a6981b3,10.0,0.0,ADDED,0x27a1ff2e77de5fea6f63006808d8ebd167ca49b9c75ffe3400f703a9de702f55,OK
41,0x2192bef742d21b2668db7b97a8a7b8a36604eacf,10.0,0.0,ADDED,0xb3a774fb292cb3e7828ba4224ff2ea5f949641e3b5b0b9d7a7cd9f6187808a1d,OK
42,0x21acc7b9d6fc22bcacc04f2d54825db0ef1fdfb3,60.0,0.0,ADDED,0xaf4eaa12ff3f33ade107f5142973e9b3947fb0e46c7398b616726f59b6fde1f8,OK
43,0x22a875bc5465c37199d7a9cef55f385656a9b105,20.0,0.0,ADDED,0x421876e74e68764c21e559846b534d44c02754be6f626c440a8e828ded921702,OK
44,0x246e409bdb7444f78e78f86283e353a3e9809114,20.0,0.0,ADDED,0x14741e44bf261144bbc7a5d0f0b561f96489b605e6ee2e9ea5a774f79f9781e8,OK
45,0x24d2ec7f65145cd410fc7f19f4f7a226192fe599,10.0,0.0,ADDED,0x4bd030115fe3c8292dbd9f552ca6f880645c167a7f7980bf1f84201d46b58d26,OK
46,0x25f5e82204fe567817d20fc3af35b3182bc2d081,10.0,0.0,ADDED,0x507f1fd3e53eb465b2e56f3c583cde97303128c685fbcd5d4cbfef9e3111c38e,OK
47,0x29bd7ab23437050a21553ed1aab0f1400826f84f,420.0,0.0,ADDED,0x5f1229b93a27cbd1176e89de6f92e7810ea71c47a4303a33b5860a5678e5aeb3,OK
48,0x29d24338cf32621b652222ea2deef4decefb7b7d,110.0,0.0,ADDED,0x2850439add4cc711b577919eb9b9ecaad0a00aef511fe120dd983a5492131584,OK
49,0x2abe2b8b4ae218d698b17b48fd86ce9a10a3dd56,10.0,0.0,ADDED,0xd6d3b718001b50bf3a83f2112fe4e75db733117d961c68808c352580b07813b3,OK
50,0x2c5cd7b552554b586c3e940a03666497c40e6b95,20.0,0.0,ADDED,0xf1a01e40236348e1c00a310a584c591a0d5f6a02990de4aaba84429f2b733aa3,OK
51,0x2d737ee89b1a33e0ae4c50e109de1a4386825273,20.0,0.0,ADDED,0xb2ce3cf394b9e07e50d993f55cadeb02a5b6f28c64bc637703e019c8f3e83b24,OK
52,0x2f519488cf27a109fb15f1b966b65103031b78be,250.0,0.0,ADDED,0xd296f53b4ae6a124f6353f7ca33dda932c7809bc7ce1f412158b0a7f251d35c0,OK
53,0x30ebcabf3d91cee63ac38d7aad6dffc0d8e2b4be,20.0,0.0,ADDED,0x5035822f9a7df11bd649d70d78cd6a6172b8d2f9d89f40ab206becd6bb173eac,OK
54,0x31a82f0b0b77f6c1eebdf6c4314375991514ed83,10.0,0.0,ADDED,0xdf9d91a7a04e39bfb677e4fd66c98943745dd650dc42a78fd047f0dbe0304698,OK
55,0x32616ea7150c8ffb26836153f8127df0abb425db,20.0,0.0,ADDED,0xc773919d424335f2ad5c34440f9b5513ae64139e407b8c79decb2ac07ba50a1a,OK
56,0x3309a2038535abe2c418a8ddf06db0301e322f71,10.0,0.0,ADDED,0xa8c8f640742ef5c501ddae109b09e02679b31773f3c743a62f7c015df911eff4,OK
57,0x335a4d752c726266a8cde962674770c50b2220ba,1000.0,0.0,ADDED,0xf8648d3f5eb1ef246dda68da4740286d65c801aee5c7eb6340ae4deeb5ebc413,OK
58,0x338db8cf8bcdc24c6afc5251fd2cdf0f1a877d13,50.0,0.0,ADDED,0x528bc7e1b888af432ad8a2b28e4f7c9c0800774238514f678c6460f7dbcae5ed,OK
59,0x341eb9c2c61874d23f77b4b2b2825366a3f1d2e8,160.0,0.0,ADDED,0xcba089047030a1bec53975f840ec3787db6492167b1413c84227c3793b34d263,OK
60,0x3770f0871b28ab40f8b9e1d12fbf04be4305be48,20.0,0.0,ADDED,0xaaa89daa21e6f4555def8fd270d3a26418c193c077bc7649720612f1a2d42ab5,OK
61,0x37bf82de7fd36faf54b2c10f8f0d8eed56e4f421,10.0,0.0,ADDED,0x29739fe6ecfbe04b167b4e9a514426254bf3b3b81609c449a3f0645e7e5b0b71,OK
62,0x37c8abd61d6717bdc579688434c81104b9369b82,20.0,0.0,ADDED,0x647baf9fea2be77a9e67dea2ad2a046da4e3b2863651da21e5b9561f9c2eb9f5,OK
63,0x39b4f1a3acfac447feb8efab0f5f5e314ffc852f,400.0,0.0,ADDED,0x0f8ba7e7c9d0ba4183ffafb6043973ea3f2bae77a66ab684bbbaf5438da2ace2,OK
64,0x3a43821a97295d6fc0cb712c2707a110a8f4a2e7,908.9,0.0,ADDED,0xb02c214904b2af06b8a8dcc90908c6c860f7ac2406a4f53af16b7f5604b8bdd4,OK
65,0x3c0c91b009811df65df540352c407ac2650828bc,10.0,0.0,ADDED,0xe08157d555628e7680ad2294e11dc492e71a9e3905789da0aa524dcdb4b9c801,OK
66,0x3d11e00f91530286622df463bf138559462715d0,20.0,0.0,ADDED,0xd5a7a066ce615289567c76756b8ca8b4e0ffad61fe93827f67402b72fcccdccd,OK
67,0x3eb289d79aacddad757200d8933f11fa219a06ff,10.0,0.0,ADDED,0x86532299754f6f42ae894d42ff4ee56cbbada34dcc5908727ef8896f988f9d43,OK
68,0x4032fd093e35b40222df9c2caed0c9eb2ddfb4b7,30.0,0.0,ADDED,0x3c777fa3bcb7cab1565f5b2945d9ff5e2e47b856459e63d4e6d7339c36e436a2,OK
69,0x4125097637c7f8add9ffe7f9abf64c0b5406f31c,50.0,0.0,ADDED,0x8e11b80c972b127c417e57b2d453389a019c25210e6cf5f1abd474c65c7b8fa9,OK
70,0x422d45f728e3d2535595209ae752c846692803ea,10.0,0.0,ADDED,0x611ed194162b9cb14da52d4488c6b271b78b482eec8078b82f9d81534ee2e217,OK
71,0x430a164ede1661d3109bddaac03ba35b29ad48bd,55.0,0.0,ADDED,0xfdc71fd556261645458d9d7e0ba42273ac1db4cb2346b84089e7dc964a786a71,OK
72,0x443cd25358f1485110ac11ed3d1bc30cda0bd566,330.0,0.0,ADDED,0xa3fc42800d66ef066491112bbfdf90eb11cad92e3ae701aef4e65c054587eb3d,OK
73,0x44617fa71c9beb8577f70df5b554d5e91e8966d3,90.0,0.0,ADDED,0xc53ea61cc7070a2314ba174ccb2fe5cb1b4def3f9c676719268635afa9cdc0a4,OK
74,0x44e01327ed481e581834517b21bf89eab2b10628,20.0,0.0,ADDED,0x4990b30ee60a596923f490dd87602c2b95bbdfaf71885a5791c3a200128cf6c4,OK
75,0x45cd581299c40c1e2bbb8b6cb02522c370142d62,100.0,0.0,ADDED,0x09cef1b3dd50afa66b5a59e2bbef53cf3c37c4fca8300583bf506ffc0b9b41a2,OK
76,0x46f661d812f84b705a2ea7058397b666aac23e30,100.0,0.0,ADDED,0x5c25a334822864532c52ba767bb8866c181d4373b652203ce6cdb50cc9bd63d4,OK
77,0x476015cb09e41e30c48fed85f9bf1947aae3d917,80.0,0.0,ADDED,0xb25da048d6ad76ef5883ae0f00345ac0e626c3e89260536db92d4985f0c46e40,OK
78,0x4838fd2361751cdb91ecd8de0cca906990be20bd,10.0,0.0,ADDED,0x66de1f64f082a84e47ce203d671c36cf3ae176a7f846a922358d2242e96e46b8,OK
79,0x4ae132b9deb3a87f9f2fbb226bb8b936f201fff5,25.0,0.0,ADDED,0x54c5bb716334cd67e0ba55ed15e8263b6f256d8b0d196db8e87a12d79065a90e,OK
80,0x4cf7328572da81e87d69999cec5e9ddeb882fe4b,20.0,0.0,ADDED,0x54a6e92300eb725a75a39cfe1b01057aeb1e61369865872d8e3a3341c619145f,OK
81,0x4d58440da35c5e61861c28317c3819adcaf0acd3,10.0,0.0,ADDED,0x89da0dffcae6da0909e19d38a236bfd399471890bc1960f26036a183866de3d0,OK
82,0x4e7ebbd5210c7fd4c63f89f1829055b496a9e177,10.0,0.0,ADDED,0x3e66a87c2c10919a6bddf68b35c43425ee43c0311eb90939ff14fd5adb4ee7e9,OK
83,0x4ea218ed8803de17e16194e06708789b56ddfbff,900.0,0.0,ADDED,0x0990833ecea9313879d6ea0fc0b54e8a06ad6a71b0a06bcf4a1b5c66ab63e343,OK
84,0x50d0d488960d7a1ecd31d762867be4629fa31941,1710.0,0.0,ADDED,0x400debf880e779ed92b4caffd85f7c2666395fc9ef683022f54e50fdc7d916f4,OK
85,0x50f17dfc3ebe89c9ba9905612931f3994fa5810d,30.0,0.0,ADDED,0x85d9a16bd51077b179e1ff67469fcb26f84a298179dfc9f6628d8c2808cb7ac5,OK
86,0x523123e0ee29be5d940dda33b808726e5274d918,20.0,0.0,ADDED,0x5e7d7b8d342f00ce0cb1d68e4dfc26b3dfffe9e5e74b35ed4e2c04b94db5bc3f,OK
87,0x52ad561ef36f9aa77ba724484e8f8c2b6b8d84a2,22.0,0.0,ADDED,0x581cd33b89298f013fd1e5d0e349b0d49100092408d9ca9db66ed427f4bba1f5,OK
88,0x546b298b44a14fb93998809ce82e43ccad64b10c,10.0,0.0,ADDED,0x89c6a4a058bd187bbf3098589c2f197164fef887ca08cad25b69fd0cd23755ab,OK
89,0x54ee7ae10ed9a7bebdfa0efab88d7334d15db299,100.0,0.0,ADDED,0x087cce1a6c40a98e3cf90d430da5f360c848fc267dc1021028fbddefc1c78f33,OK
90,0x558c3aab1c967f7d7bce906c3aecfdd004b2d8ef,20.0,0.0,ADDED,0x9d2a05e3334ef81a4c9681554a7c9a9b5f6854bbc6953faad7f9f5e534e76c6d,OK
91,0x5596da639ee94956859663bd76e470397fe8fa7c,20.0,0.0,ADDED,0xa3283dccea735a4ee2f9f95c9e31f28e4ae8a0cc978b950f7ab7ca422349b4a7,OK
92,0x56dbb6690487768ea4eb284c3a1b472abc818701,10.0,0.0,ADDED,0xc14dccba0df3004714c5343d87837f53b079ee036199da1d041b838fbbe5dd82,OK
93,0x56dd2491251b36497cef62fbd4e24ee55d1e0d77,395.0,0.0,ADDED,0xa16d8d5495908e26e603cfeeedf4692942d1e30ce26aa2db76b33e074b45c528,OK
94,0x56f2987c0a1b017703a6ffeb91cdb587959447ff,250.0,0.0,ADDED,0xf61c72ad349169ee07110e4063d7c08194fade1d1f369ec71fd06035839e2820,OK
95,0x5a690ebce06b6b698922c95053e11352ede743db,20.0,0.0,ADDED,0x1cb5a85fa81eab073d36d4ecfaa28acaf6b5b58c16ef9b5a9d6476bb140f3731,OK
96,0x5b33a958fde0b4161caa1a898400c37f69758d9b,50.0,0.0,ADDED,0xd1b6657656663e7ac6812e4853e60f77cd343474f345fea237f67cd26fc680b3,OK
97,0x61b0cb0b884131b6ae6df4c43c7570521dc17360,10.0,0.0,ADDED,0xb23d4539b0d0f69fee9895466484f2449ef818812fc4e2f6e62388c86aa66107,OK
98,0x6276ac538c9f18f4dc6b058e7d558f0e3d38d952,20.0,0.0,ADDED,0x6f66420f4d956a7072923c5770fc1ebcba9bbd1e0a0fdf423a687180cd177dc7,OK
99,0x6360eabf97be5d81639f5258be76a9a09e644974,10.0,0.0,ADDED,0x26f36ef9d87d08985cce08c27a16327a998b277f949730365e0b5e5de58e7be5,OK
100,0x655282b1aab7f7bb4f37d68d2f4d0f4c436d7da1,10.0,0.0,ADDED,0x0720ef06b4914ed09942bd5110082713ef00c1d073b223df4aea2d5f41c79920,OK
101,0x6726f92ae08a26a411fadc5b0bb8f0a28b6dd7ca,20.0,0.0,ADDED,0x2a38e3e85bfda583574dea673eadd67c80193f6667b7942c38d167353d46bfe5,OK
102,0x6832600d63bb250f1c254fa15096eaa1a6928769,20.0,0.0,ADDED,0x578e940c4c2edca4fd9392323d8ac53d415b9b8f5f02ec8b6d03c6b8f9043519,OK
103,0x689a5c3643561e26742d2332209fe834599cf0a5,20.0,0.0,ADDED,0x1dcc63a7a755b3279a00ce3258fa569730459599ce8561a4d7e42a5588cd44a7,OK
104,0x6a1d1641b3bf38610b9bd4d70038d3ccfa8682de,10.0,0.0,ADDED,0xa2764d0277cdeb9a11124dc0d573c41bbe891dab07c5f9c5c9aff2bc1891a834,OK
105,0x6a6400e28052cf9b514a2d2cebe4ccdb38510468,90.0,0.0,ADDED,0x80ae1a9d013ff612119e5a8d4739a75420c12723a30af4f349fa0b9d42c2ef92,OK
106,0x6bfb94de6aa15fcf578d1239b24fb74789483afd,240.0,0.0,ADDED,0x8d71cd958d81fba6fa616c904cb8693a854184b13d911d966078d00cb9645267,OK
107,0x6c1d4081dc385cb3395bbd0cd2fc37502afb5dd9,25.0,0.0,ADDED,0x20eaa671ef9e96c26998b6563cd9947a0b057a268adba96a441ea8db40634ea2,OK
108,0x6dd693dcac1773deea67fa46b16472580e71e2a1,10.0,0.0,ADDED,0x9c69ebb09e3d0ddf63a9fd460d3b5e172a8b1f8e2c37cdb7c4bb19896af442b8,OK
109,0x6f5df80d8790335e5027d1cf72442eda268db34b,20.0,0.0,ADDED,0xb963d7327a75d25f66a4322f5acda13416bd2a27dfd9bc89c02172cf497e4b13,OK
110,0x703cf8d4c26e2ee246a2ee8aa41edee6c2d672ee,10.0,0.0,ADDED,0xa394617a5c93989e6c6798c62abfcbb8d297ef4abe3448491eab3b9e101a4c39,OK
111,0x7087c00d236c27007353e5824ae30221be9afb94,70.0,0.0,ADDED,0x5a31699d20aebff50bea65c0930db563ace0380f003bbc31750f5284d340566c,OK
112,0x710fcbd86779d974abd0428595c2ae5ed0754288,10.0,0.0,ADDED,0x0f722de1e2bb8442302c56d3c7248141cf5d3fcd15212bc91f52a08ce90fa330,OK
113,0x7179136a1a3910220e15bf1e712bb54c9e570133,110.0,0.0,ADDED,0x4e3ae905fc15662f217071f7cff5e92386b66295ba596ef1d288e5ade66d5e54,OK
114,0x71ecd255d056523bb396d5d4e012859e3a173475,18.0,0.0,ADDED,0xed8a3a4335cc1d74fec70f6dd686163899a4912a8f7f75c2eff9ace68921e121,OK
115,0x721bfb3b48e27b884c4cedf35062cdba08ae90ec,20.0,0.0,ADDED,0x19ceba0a85965435870f4a8211b640c69c592d89ccb74cde294b834c85062298,OK
116,0x728d949e9fe1a31036126726a3a5535ab566e34b,10.0,0.0,ADDED,0xd3e2aea56882723ca24c7c3edbdd46616872cb68e4360a370008eb01a9adf6c4,OK
117,0x73ac2ce75ad2fce2d3eb1a318bb511418ff4c769,40.0,0.0,ADDED,0xa783cace46cd36e3fe8388a0f2bad222dcbf311371e25acd0205b98117bb9ae1,OK
118,0x755fdf84b7024e79804b9b7339a45af536c3c164,10.0,0.0,ADDED,0x6ff944a8bb0faf73c5e266c2e25f61ca0a10fdcc96665827282b43a7874725ad,OK
119,0x75c5df8f8d8771e058688e68378cec1da0ca7c75,40.0,0.0,ADDED,0x270a3dfb1569ed27e4fbcce8ef52960ed647f9a0817825a79d9308f0b337fb5c,OK
120,0x75c77f520a3ce913e0da3d16bdeb8ac67835c9be,240.0,0.0,ADDED,0xdaffe39a7388b40eed8acc2dec019b6923f538804f08328f3b3ae208fc5d11c5,OK
121,0x761b37a4d509e77caa134741611e42324d269971,20.0,0.0,ADDED,0x8522c38be87fb33bb9e25f97097f8f205d464214e790a76b365c224b39be29db,OK
122,0x78be61444cc117e9e659d6888383866c7a4e4d37,50.0,0.0,ADDED,0x1eb3cedd51c43f2a7e86610ccb4320b9070ac84f617385011de0acd056e77e69,OK
123,0x7a5ee656af66c728528d737a5b1a94ea84a2b0d4,20.0,0.0,ADDED,0xe0a821c0f8db195b31bb856f3eb1903e0b6b237323860bf5a63cfb6be9ae1641,OK
124,0x7cad5b26f5cd8d7c37cdc451e1988a751e6b3e99,1000.0,0.0,ADDED,0xb7320cfe3ed42db0c548add6c3bdf5f5a4b3ee4924daec05affa2556ed70c62a,OK
125,0x7cd1e77ec93f3cb106f7c8776e45ebc5b70e7c27,60.0,0.0,ADDED,0x1f097340df7a85446818704a50422fc7b2676c28292e63e669a71a706c97c001,OK
126,0x7e3f1e1e62d754056e3088f551f148af0d0be90b,20.0,0.0,ADDED,0x6fe0900a01b4b5cea73736974ce574619f788f2381b1edb80b161dc0d9540959,OK
127,0x7ebc51541dadaf555f60f99b7af2822cf422623a,10.0,0.0,ADDED,0xe514260f52f76de5d65e12f970a2bbf72aa7ff96a0b438688412963340e7c0e1,OK
128,0x7ec1f784d4db1c967302e1402bd9248b531b3d29,174.95,0.0,ADDED,0xf1ec5d3ea328e2cc0bd1320d8680ce709dd2140b65942cbb2d2053f65db96678,OK
129,0x7ece6298065988cc43a43e18365c0dd3d4c572cd,290.0,0.0,ADDED,0xaa4dd0c56a73c5f84e612d9ecdf518030fabe8dbc41cc658c68864ac3061ee5c,OK
130,0x80c0bb5f186d264794fc8efa19d235606f863b95,60.0,0.0,ADDED,0xe582a320f5c6a25cfe141ea1c8da5ec3e7453cb9249923bc06f2f3e59db80438,OK
131,0x8170585573c8e01422b004583a5607f1bff50d9b,20.0,0.0,ADDED,0x733415bd6944762e158d654deec4301b5fff5f2d23004f674fe346b5dce8d7db,OK
132,0x8498835c2ec0eab789997be99542fb831d33ce57,20.0,0.0,ADDED,0xfeabd3acdff7a41582a228fcff110293eb989741aacc53cf0ff626a33bfbf664,OK
133,0x86b350a21cf01e2a111acf6a19af58dec5b29c26,106.0,0.0,ADDED,0x1e7f4c225ffb7ee892f99fde9e810a4e1143f1f724cb9bf778322ef1d4cdfa05,OK
134,0x86f0e637fb2e41882719b0a35dc424e260bc072d,120.0,0.0,ADDED,0x9ccf1cc3e63fd7e577df7ac4b6a7d77761c410693c14d856c7f6754658abf97b,OK
135,0x8777542188280ead50b7c5de76c8c518ab62fd48,85.0,0.0,ADDED,0xd34e4dfc41990d3263780efa6d7a3d14e21b40fe2d8387e1045269e2a33eb1b4,OK
136,0x87b117b32bf511e24ec53077668cd5c25b9934f5,200.0,0.0,ADDED,0x03560c0ed90a48a498ce156320dccee81eb356b1a59e418251c78484892b6f83,OK
137,0x87f95a22719ca4626beb87242f159cf6cb1c5f82,190.0,0.0,ADDED,0xdcdc1bb47b48210524860af311e12d7f00e8162e3ed8110b7fda5357e6020a5c,OK
138,0x883549299203187dbbda1d98cc9c66f70651a368,200.0,0.0,ADDED,0x45f4cbe7777b972f6b6589cbc07225a6858de41962919e1f14c593ddbd00c11f,OK
139,0x889c770dad766914610ebe0b184eab2455727aa4,10.0,0.0,ADDED,0x2132a5ff10ec28a58f565445b8025503db11e0eac772c667e39fc8cb6cc7a5d9,OK
140,0x8917b9bc82d495f8c0892fc1ee361fd13e801d52,30.0,0.0,ADDED,0x4c00adf71570865619c3e8fffb532df8457029190d905291757c7f5fa381516f,OK
141,0x8a42bdea122e5fe0214269f80178f8425169ef7e,10.0,0.0,ADDED,0x47a70abf000df8c430f7eb6e13faec095d3fade8295197dd40d06a8140d138d6,OK
142,0x8bcf7151148593ea9b6479dfc27eb1e71b6a3b4c,10.0,0.0,ADDED,0x2b49eba2cdb84344a0f82afcda2ff8415e3388944d05e5429b79391318196e60,OK
143,0x8be9de77dd24739963890c7ba1cab7d24350e300,25.0,0.0,ADDED,0x1c2bd5d7d4456dbced601bb49b608988375f5b60dcb7dac64172c5b1c9f0da01,OK
144,0x8c95de88672fac05171d3a67cc50417956e55ca4,80.0,0.0,ADDED,0x63f00a6c9ba20d450f372376353e32278b09033100c8482325aca3751f724ad1,OK
145,0x8d59f6edabccf5f44f1f5b09dc233fdfe69ae467,395.0,0.0,ADDED,0xc8db30b166f0c032a3253054e3d711a0a3ca4f28a9168853a8598885a9d8e076,OK
146,0x8d79115bcc880e95c8ca1d5b2c3ad8b35839ef8f,10.0,0.0,ADDED,0xd9e2b54cea923d68d911cb0da4599d0abe6c92b08649b4b0c928eb500a881be6,OK
147,0x8e167a7c04f0cd84cfc3d197d2ac8c56f3ba7e13,70.0,0.0,ADDED,0x29484a96f84d79c862606f8f85cff735b588e0f02df5dfd2e4f24d631f396661,OK
148,0x8e23c42fe4f691216459043cb84478052208739c,20.0,0.0,ADDED,0x899c633910c0b85febdab6ef1ed0c6de7d5f729bd2ab77672e0e3588c510f107,OK
149,0x8f67c5464d4da56bd1924586dfbd169ff966e43a,39.0,0.0,ADDED,0x5204544968fdd8fc8b86f1d81c0463c0dc2dc527af1ac04b89fda9f02f1566ed,OK
150,0x91c6f2e421e525abcfc086ab3930cdfeeddf25d5,20.0,0.0,ADDED,0xdc52acd9d26e18b7c02afb4cda33af234f270c657f21aa3bf5fd23ad31ced03e,OK
151,0x93185be842ce1d9a698f2c07c4138ebc2e3dfd07,23.0,0.0,ADDED,0x5fd2cb99ac78d4a3a5cc8164bd7dc85e338d4e890070aa501f5843f8b4802c78,OK
152,0x931ff6c169109eda441405882bf76f37d359e027,10.0,0.0,ADDED,0x9db9390d84625504fbca8b7f52c23a29badcbf8fdda92c01c230cdfd21305163,OK
153,0x94552576ff6c7dbb2c5b6d3f14f9ce4938f56674,100.0,0.0,ADDED,0x069817a41b1b2a686aa22c434b43bb287ef770af4a4e0384062bdd24ce4fb434,OK
154,0x9477807e39a77115dbdb00f29b7d3ee59b353997,200.0,0.0,ADDED,0xe177280a1c1da73aa78301759417a8da02807e2b555a9cd034990f67bd482d24,OK
155,0x949b6c216d1818429e9d5f1bdc0893efc7ce51ae,100.0,0.0,ADDED,0x21e52281f7b32077f83715c86f36bac064bed7197623439bd8c897c84cac921d,OK
156,0x9541b5b49c1801147852dc4838c971759e4106c3,20.0,0.0,ADDED,0x24df007d4fa73db5b80dc3e802b1bb83ba80a57b9371a07c56f5b3bafedc92f3,OK
157,0x95cc95891d959b77ad35a886032e28c1fe44cb92,200.0,0.0,ADDED,0x6e9a6b5a166f2b6a8f0638dc0d0f4fc0e7eac2574d344ac32ca666745611ee5f,OK
158,0x95f8441e65274a79370320d02b901259b38fb139,10.0,0.0,ADDED,0xe1ce023eddf91b2a335f28b9f19c8e177c5adc9a101fe3826e32ec6f802614c8,OK
159,0x960dfff626c1cc5b58865a03430a23236c549739,40.0,0.0,ADDED,0x1da67193e09fd9ca9656d8c148d40968429ab1e5f45ab226aa7aea47a0d10fbc,OK
160,0x98da6c2042856d712a695a425c06a5fdd3de0bb7,80.0,0.0,ADDED,0x925168fb84d56f0a4bc06b6bdc60b39b6736ca09f7e5daeeb7cc44c30dc305b8,OK
161,0x9a3b9239db3df842abb7fea411092c18ac4d98a4,255.0,0.0,ADDED,0xd5fc7f652f5ea9d9926a6ed495e4bfdf8497f9e49a3d821ee6644db28e0ee9df,OK
162,0x9cfe7eefa15b09692c6f6bcdf660b80cbc7039e2,203.0,0.0,ADDED,0xdbe1165537c02bd4b97ee5a8aced9d68a40780c5e5759dad19ca058b7fc2e330,OK
163,0x9f3cdf9b66223abdf0dbe0c2a105fdbb78807c06,40.0,0.0,ADDED,0x6f305196d872cc97d90f0bebfbc5e8f26f1a62dd3e61a518822f6e29eb56e2cf,OK
164,0xa232092a7da5f22f6710390e0b398ba423e82fe7,20.0,0.0,ADDED,0xc0f5717b6d51cff1164bae742c241e3e50af56dbae4bfefa374dffde020cce04,OK
165,0xa3c9f8c978e0cf75bfb2048b41a7b010f3b476ff,10.0,0.0,ADDED,0x45bc9894c973830325d20c8911f62decfaf399db2ae2bc61ecd60cd4a4b68d0f,OK
166,0xa478fe24c6bb48d7abfd16ed870ebbe6e5ce7a45,90.0,0.0,ADDED,0xdced5c2c7050fb9b153c23209e1d2cfbefc4980d22f00074dab3d57aa35e8e22,OK
167,0xa7d7a94369111dcd63541fefaa47e08cbeae7643,10.0,0.0,ADDED,0xcca726a309d6fe213f7bd994e91fbeb0a6b574f7778399ae2f792bfc7ab2bd5c,OK
168,0xa8b957c92bf07451e098f516ef044a864c302c5d,100.0,0.0,ADDED,0x9f8b143cdd902f6617ff4ce64f623ebcbba2684dd0c1679d019361233f568b66,OK
169,0xaa33edcce2e6baed863e4c8135158963103647a6,20.0,0.0,ADDED,0x15d4a5a77168fa47fda0e93c729a9e0e51b06e63b42bad6333f2d55ade100df5,OK
170,0xaada12d9893b8fb85870374b4d0f84663b5afe2c,10.0,0.0,ADDED,0xe6deea377c4954cb39e5e6fdd88d90e30dd4f28336938f0265aca549b6f2c777,OK
171,0xaaf596b51123e658fff92bbc9608f52d2c3f1390,50.0,0.0,ADDED,0x2c650ea951cb9c9bb3f45cb7c4616155b51689afd848c3573454ede617ae0c95,OK
172,0xab77ca425151b551974198daa51da1bc70e66007,10.0,0.0,ADDED,0x58a1f5f1f725ee7fd9cc5093d9177c792e2c1933dfc51aa54e1bbbbb3a5b8b2b,OK
173,0xac4525969e5e1f29784be6ffeef65c69ba5641a0,98.0,0.0,ADDED,0x131b49fc6b0393be697a941312dc077a20fbe14595c25afa0b25782d9590a33a,OK
174,0xaf04df408e54b1f0406bb4941b76d412baa616fc,20.0,0.0,ADDED,0x1e575a444b969e3f2f75b2998e5aa173de2117e0aa4502db6bd8576e8c8c7e14,OK
175,0xaf426c9a4e06438a38dcd41b45f4f12d672b6d10,50.0,0.0,ADDED,0xa479df91fd75716d0befd6adc7ab68250f6c4abf01f9c631f5caacd029464da0,OK
176,0xaf91226103866aeb9ebefdc02aea7e0c1c8037d1,20.0,0.0,ADDED,0x85c7d2886200e6a9141d11c4234042ec90f39de567d9450c1e97d75d918c0410,OK
177,0xb06f851d0b707f47bb9a9eb527fc93a647b1efbc,100.0,0.0,ADDED,0x16d6c3e8655fb3a9e5afb21e77fb3ac9357ad3b6689f6691839855bfb2ca5a3b,OK
178,0xb16bc09e54df9f92f9b0305c03f8f89cd16400fa,100.0,0.0,ADDED,0xe08620e96b7f1a6db1babdad38bb9abbe3859c1b17f9d9d9e88bff89fa099763,OK
179,0xb1b7324feb155bc00808b1677786e230574cab10,20.0,0.0,ADDED,0xb739d73f375bf070c3aa09067908bb3a09d1acdf8720913c0b01e4c4b5e56011,OK
180,0xb402af45134e07907398715d7a6c0ebd2a1e3d6c,100.0,0.0,ADDED,0xf3b6429cafe24c3df29eea0c387e8b0f8ee1e03b1bea1f095144032297ccd03d,OK
181,0xb7bcad1d6094c035c862c9c450b712efc79e3340,110.0,0.0,ADDED,0xc3d41d526c39c852117ee18afe0bf9ae2f70d731766f788560304277f561e63a,OK
182,0xb840aef79cda7bef20f80970909924bcd6c497c0,45.0,0.0,ADDED,0x17ac17f07268b27d425f45520fdced77fe1b30e35325e8daa4ff6222ab985c05,OK
183,0xb93c955e62f249edb423b5c1cb3280295f9a4d49,44.0,0.0,ADDED,0x893d89f5be6f1ea0bdb2c39c2d5834e44c64467e6a0dd8b4e3418a1a0fa1bfaa,OK
184,0xb94046e8b26262513d9da638d4e1c266a26dccc4,160.0,0.0,ADDED,0x3444a19f6d997c707362ce14c81112454539f2cfe06a2412eb30c3dc6877b7d3,OK
185,0xb9dbb3afb2f466e411d80ef54c70ea44d93cd349,420.0,0.0,ADDED,0xfb692ee21352f4a94773d9f607a95a7a695189e382ef2a53c07c2784a5972130,OK
186,0xbaf393dbdbf31bb85b0194fa6610ee56090ced7c,618.0,0.0,ADDED,0x87b980cec6c127efc2c594562a07bee741c5134feb4a47f1b99f8dd56a742165,OK
187,0xbc3292471d1746e6d34505bdf3ae7a86141ee974,60.0,0.0,ADDED,0x228084225a5a8080c42a477c4d2fc5ba46dff220595dbaad66f21f96a25662a6,OK
188,0xbce617ac20374997753101a97805fbbb938caa28,110.0,0.0,ADDED,0xf963eb7c80f738986fe0cb7159fa559037ba4f2d919b6fe3f6ba1f0d9d78975a,OK
189,0xbd2256dd9b5c0498f8b9743128c42f4c618ccf1a,190.0,0.0,ADDED,0x0fbe070134f4c6d107dbeedddf09b14e577100935c75185b8ff85701b8a5a598,OK
190,0xbd2ad925be85be959d086a48cdcb455423fdc4a1,10.0,0.0,ADDED,0x0fe0a662bf34796f68dec66df5ebf0775a6e4efdd3460dc1d6e99fa53c6765ab,OK
191,0xbfa8346b8366bc5b062db604a3c9ec9c3516d24d,10.0,0.0,ADDED,0x22a9e82dae487bd05834c38bab5905783e73c74449c46b5caca293faa4083979,OK
192,0xbfe857d7c4f8b101684656af58667b8d8f9ddf82,20.0,0.0,ADDED,0xe00ae27e50709e9a1a3f9f94bc03d073c118fcbc7853b5f23503b17d1b503b9a,OK
193,0xc03631bf12b037df919fc243fdcda10598095e60,90.0,0.0,ADDED,0x143daac7540f72b19d95be532240d4a54e75eae09a03855c154ea317a2ccbceb,OK
194,0xc05dcc01cac7b6b82e901cc26ad2e38621add3f9,10.0,0.0,ADDED,0x823d989610b9345a42a5d59b433ae5355ce02ec9d7fb512f5d4bb02ec9b456d8,OK
195,0xc06d7b580d6911ce2c29775c067df518428cd0a5,20.0,0.0,ADDED,0xc7dbcb16c1ef0ba01e119166ba388966b91f210f12f679dc0ca5683c199b5dab,OK
196,0xc2243a5c1fe1083a1879020289e756e329104ee1,20.0,0.0,ADDED,0xbb21b1803c7c0ae5764f1ac551b323ca29691df3cf28278e732640c3cc2d3473,OK
197,0xc28067ca203e9ce64e077f389235db0595025fbf,40.0,0.0,ADDED,0x49d7935be0b1b63cf3ca282df966bfee5126ba856af8e7d6290615e5c6e00daf,OK
198,0xc2ded9c76daa0a92244edd5d13c591ebdba97203,10.0,0.0,ADDED,0xb8bf8c117d15c8dfac8dd5832b8d0625f5bb32c9b85e56c0ef0846a3c5dbe16b,OK
199,0xc2ee360c1f04d521206dca3ba8702b48e668f61a,100.0,0.0,ADDED,0xc7196b5c4624806cfafb6724a10e3b42deb5506ef6c7d62f7afaeaa9c30463e3,OK
200,0xc33a68ed38fbac69293d19016d12a1a58277710d,10.0,0.0,ADDED,0xd4820ada92ab15bea96968028fa3f6c3b1e3bba72bdf85672a976ee848de6c3b,OK
201,0xc55b1548be40273b569f5e292363ea0136feaf14,10.0,0.0,ADDED,0x152eb45a583bc6cc99f83f114c7923ceecc6c6c191407f109d31fc7357032da7,OK
202,0xc5921fa98a8a4775f8cc6a2ef20fcc9730ae9405,10.0,0.0,ADDED,0x42b732d3914f1159b8852c0166e219694da1798e28a9660e0124909c6f8f54e4,OK
203,0xc5b9155275b4047bbe445a1dc623b2fdcdf80100,30.0,0.0,ADDED,0xfc41cb2fea69557d3ace4aa41ba854b35eb41a327c13b0ad8d66284bd03bd245,OK
204,0xc723da3ac167e3212b1497a4745593404fe6a484,20.0,0.0,ADDED,0x23d9655c97dc897528a00e13d49896a740cfff60010ae449d452fa20dedc4aab,OK
205,0xc82f1d0381a374220fa93a37fc90eb51a490beae,1000.0,0.0,ADDED,0xb1ce151ce72d9bf688f25834600550f60bce4107c2555a3bcac0464a0f054768,OK
206,0xc83fd777ec4b9103b572bb3c05f55fa92087abc9,10.0,0.0,ADDED,0x9d3318381945fed605c04562462ec3fd78ffeb32bd99b3b335ba1ed9659aeb58,OK
207,0xc86d281850397e97d5f7f4472835f24defe7bf45,100.0,0.0,ADDED,0x67ce8a39227f5c631f7cfe8d57063eaa6124bb231f4ed54499d1b34d8bad1a5a,OK
208,0xc8c59bba0fdf097bf370b78b069248f1b9fe1ab3,105.0,0.0,ADDED,0x049ff769813b743833b50eb2735e31967fdd79dd590b692f2038bdc6fe650fdd,OK
209,0xca738f0c6c3cc82f84a396622a994846b2b14a99,100.0,0.0,ADDED,0xad2bcc2fb2665262ddd83c05129aacac1138ad879c3735690ffecdb27229c569,OK
210,0xcb06ba07472199dd8ebb55aa04f9c914f5b496d3,10.0,0.0,ADDED,0x7fdd264a13bc5b7cd06ebc4bc382f5a005e0007a9a6b05ba56b864ec6ea59b86,OK
211,0xcbe12bfed4f355c4de0e2d45a491f749361956ef,20.0,0.0,ADDED,0xae4ffa59acfaa674cb8b76d38743306501fba59f7d1ae0dc269520745bd9f67c,OK
212,0xcc84f64cafc47af6490979df2d60fc1072594867,20.0,0.0,ADDED,0x57c196754e48a957c3c398099f225902f4e3c56be8de091fff431f03d2d62d6a,OK
213,0xcd5f729351ea5457dded6cf67a3eabda5dd6bdd9,20.0,0.0,ADDED,0x90193481e1642f9e996391cc0c423be70c81dfd15bbfe1e3da17f78c578fe859,OK
214,0xcd8b56ef285476cc72f0ef2e0389e55a873f4c2b,50.0,0.0,ADDED,0x85b57017c86535c6d4ea2978111d9918542a7ef19e2c8f4c1347a8f84bca75e7,OK
215,0xce94be53d0049c182fae09cb08ea169cb80753cc,20.0,0.0,ADDED,0x55e5fc5473cc3719b2b3dd338ea89ae691634c6270552954a5f978666e00c186,OK
216,0xcf0caa668804bb1d30b48f349403ca23e1c7eec9,100.0,0.0,ADDED,0xfe6a789a7c450c39a75a839ab48dc2736f72b48c0f9f416ae05555ba929abdb1,OK
217,0xd03c73f74d598a99fde9f1629ba539dddf503911,50.0,0.0,ADDED,0xb0c86415b8e81236872ea146060abe4e0ab7a02640a06003e6a3d89b8f0d4ad7,OK
218,0xd239e0bc20dd79f39b18cad64098b19131d04b47,70.0,0.0,ADDED,0xe51be02c64573b5d489c4e360805a65b0c2153d86495db84ae86a295102628bd,OK
219,0xd383e68ba61d923cc720a3687efedd394ee485a1,100.0,0.0,ADDED,0x29a2f5e8f8fc8046b46b150b8d9677e23a49dbfbfe152062199da0a66d3e0575,OK
220,0xd546ba6d049fd7e6ad40f4ae75c27f7dc89fe90c,20.0,0.0,ADDED,0x23e28e3d6c69d34e44c7dbbea8e9ddc9077c733b2f88ec726311b0e448cc5fdb,OK
221,0xd5589ed68baa8051a7dffc9acd9ea1bbd637379a,100.0,0.0,ADDED,0x963995093ed984975c93a2f88b7a1a53cec53b3748b3973d46b1120ff8c90bfb,OK
222,0xd59a5ea563ca29b2c1026f9e90b23aa51742e306,40.0,0.0,ADDED,0xffa0ffef5470ef7440abf18d045b7443610131e5885a454c9c90018d06bae2cf,OK
223,0xd6a2725f491ab8a8043b6914a29b9191eb6a8bc8,198.0,0.0,ADDED,0x7a11b8e0df11c9a0c3a5a7c1d2c58cac60ca2a82ddabf893e1b1c8fa9e8ef333,OK
224,0xd96cceb5abd8b5514952bca271c9cbd2585dc5d9,10.0,0.0,ADDED,0xa6174142c7f5380352abf3622b86546526847cd82db0dfa459174dc6fc5cbd57,OK
225,0xdb3e16b8496afdd799d7e032c27cea621cdec46a,20.0,0.0,ADDED,0x60960c4dc1a641819664848000510606c4e9db369180d0c309e7b016efc8853b,OK
226,0xdba28a6ff9b03e73105af6c2cd1a4f9d7bf042de,10.0,0.0,ADDED,0x04beab2f313856b78de252d82a4ad5c3b190666ad275176d8770a8bcc630e688,OK
227,0xdca1ea99feb4c56db04b133f987d1fb2bba2ce46,110.0,0.0,ADDED,0x361488217d3afa0e687d645322528b3b0130c2639eee823ad8e4267fadb16b28,OK
228,0xdcd5382b02443f351fcd776f0ee88547a2498f8f,145.0,0.0,ADDED,0x7ed70d2998172fbd8cf5a11d271342bd95f0016eb10182a19c321e88ed734ca0,OK
229,0xdd3296ac1268c71db444708ccb1c6caf0aa80d82,20.0,0.0,ADDED,0x339fa90bba0ef13973c80cd7e92daf9db71a45908a36d684c737c289f6b2eb5a,OK
230,0xde5bdc8883c8761a0834e466c5271f08103e6497,10.0,0.0,ADDED,0x97962ec6a06bb6e4ad00dd3fe66eda07f3b108a2c6c5f60a2b6a9210550a9f32,OK
231,0xdea0588a12e1aa73c6a968ac0cf496e42d0fb4b8,471.0,0.0,ADDED,0x04033f9bcd392510f71d6506ba8399a37d57d7aa854a43be195183684ba0bb63,OK
232,0xdf6887d0ac0281233c07feaf84c4694f0250d73f,10.0,0.0,ADDED,0xa781bb21a6046cb4e851fd28a439a6fc117b5d1a03bfc7673764fb994654ebb7,OK
233,0xdf9edf0f16836eb45701a98df3ead2c35ee0a8f7,1104.0,0.0,ADDED,0xfe260a9f3cbdf91f3a617703fb16f9bb725f83afcc77cadba86bc7487a3c84d5,OK
234,0xe083545ac37186a5c4edc5cced9e256df9e0df1c,200.0,0.0,ADDED,0xf615b405404d6fe23ea4497958042379d451679e8862d05c5e91e5399b8bf941,OK
235,0xe0f2204f672e594caebf9677404e687de44454a5,10.0,0.0,ADDED,0xf6dcb9af711351a53435f9c9cb987eaf5f1ab6d03168c4ee925c9cd551a50369,OK
236,0xe1398cc987ba2634b87a2142ccc406dfd78279c8,285.0,0.0,ADDED,0xc27250286dda913896a6c6d64f1a393b59856a08c6704cc8c05ef6bd4d8fcd66,OK
237,0xe14bcae54b40c86e4e21d5a111fa9b353eb9fc9d,10.0,0.0,ADDED,0x78a45393ce473dfda5bdd502f5f929b86ff06cd29e9667555044e4544ed42b88,OK
238,0xe166b0acfe6aab24a08d02e136f0fda183342836,500.0,0.0,ADDED,0xdcef2a8f2dd41cfb0a8a93f05fbc1d58fa013cf259085b6b24e926df5d677208,OK
239,0xe2b85c6d5aeb1df1366f07b7b4bf36a70e336770,100.0,0.0,ADDED,0x04094f7eee654d7b166dce76ff4929db8690d5917d1c9ec0bb71aac7ca82ee2e,OK
240,0xe498d34e2dc63c80e141c37fcb35d02954e2f731,30.0,0.0,ADDED,0xb04054081cc6bb3d0bbd4023e0690d8d6b8d4a71f9c7be7381ea0e433902d3df,OK
241,0xe6289a3c068d0e1f4ad7028c2da6e34fd5eb2d3c,20.0,0.0,ADDED,0x1001e28b1c9357a5b65c5a641806ef622c03b5b27d8931407c9106e456a455e6,OK
242,0xe74feed21998c3aaff9a2e62b48c7372c3c53fd2,20.0,0.0,ADDED,0x929157c844ae619602370398f189eb683e9a3944f862f189159f24433ebeafa9,OK
243,0xe8320f636d5448a4193d79841c46f770aa94efa4,60.0,0.0,ADDED,0x53ffaaf46213445b735d46875afd7fb0170266f9c12c5518497c61f9b652f2a1,OK
244,0xe837acfeeadd9c79a42c1d8524dac42297babe32,130.0,0.0,ADDED,0x9886453b9fb9dfe9e72c9f43e2f0650f112816899172eba9fbe9edd6f68c1bbf,OK
245,0xeaac860a021acd872dc3f22fd1c669be15e9f2fa,10.0,0.0,ADDED,0xab4680707a6d2dad7f91164d0e7d08a30f7191a520fba5af0769c12451776294,OK
246,0xeab354ccc0c41d52d9a7337309052ff9b6fd5987,37.0,0.0,ADDED,0x23bdde29eefcda3709cc621e8a287174605c7e7b96145e3189040f1e98d5dbb1,OK
247,0xeab7f78e37bf677a8124b2c96c29bfe3ee3ddb81,10.0,0.0,ADDED,0x6b30d3c764f6e95fa956a0c6b71e2c6f3cfe6b1913adb6a790d897b3981a55d9,OK
248,0xeb8ef75514ec67662bbc3c69b7af2cead54288af,550.0,0.0,ADDED,0x1160249f5aae5887fe9e66c5a1380c867dee5f581c66598f4f64723b62dd7c70,OK
249,0xecac434e4b2a9f6d8d5d010ac43df2e186a62f8c,20.0,0.0,ADDED,0x9f68ac22685b4ed80be872063a554541fa241b0d60c502be949e31acc903ed00,OK
250,0xedc6380da12cdbb94b048d8b478c88c45b6a9285,10.0,0.0,ADDED,0x3cd6c61076111996f36c70f3c68b429c0a9455ff0a1c0cd4b356f9f00641653f,OK
251,0xee051464a512df44d4212489f6ff196eeb087863,10.0,0.0,ADDED,0xc4a7eb98335a63366d562dd138890648b79411799b9af04f58a0b7bb718eb551,OK
252,0xee8fc948629012d4f89608ad7c1cc40740366ad9,200.0,0.0,ADDED,0xa559ba450d358b75c5e02a4204bc4ddc41ce3f482c3078d6d00c97904f8bc02c,OK
253,0xf23edf86adc32ea69717115a098384c41c71f15a,10.0,0.0,ADDED,0x81a4c8388f87e0f9cbad52f7b6fb72d5d5564b72c1b64d93b8f8c9c2a51ece0c,OK
254,0xf3ff235dfc6227341389632bf2df0ebe065ca2f1,10.0,0.0,ADDED,0x5c0dc146473ce71bbb27323b3abcb939857498afed0a0e99c57310585f483f86,OK
255,0xf4513d0a5e675bf02dbc60dea232e001fd2f3cd5,100.0,0.0,ADDED,0xd73e1991a047e27f17694b5aee89b953e3e5a703262e407a35139442b13fc663,OK
256,0xf5f469082c4930b61048a253c1dc90dfc0b1be1f,100.0,0.0,ADDED,0xe936f88f0c66bb6fa4fc3d68c5a29404d913b309226f3a1b6d6b0df380ba84d4,OK
257,0xf80b71b91f418b01080e7b0e43012de374167dba,1819.0,0.0,ADDED,0xc168672e9592968706569c1e827a770ca9700dfab887dcd852448a32b707c9a8,OK
258,0xf938d78205f8acff355b1a6e47a184e45e51e246,186.0,0.0,ADDED,0xbf794f5c7581786da0244483d3c457f0568f8d1359e3bf29ab271a1b31e017b8,OK
259,0xfa6a897ea814a067994359156fc97ccd788b14d4,20.0,0.0,ADDED,0x489cceb343da0acf5c6f29a18dbd2ffb28ce2dd9fedffcdbc19f83c8de6f5b5a,OK
260,0xfac828bfc3fdd4307f2cbf1b559404f925487f39,20.0,0.0,ADDED,0xfe6f51c0095d125ee677ec5382e8121f35cb48cbfeeca3a2af1e661f89554be0,OK
261,0xfb925304e0f14db8936d009ee7c7c6bfff62b940,30.0,0.0,ADDED,0x7026ca599c917af8e2bd6f02590bebd1a7635480280d8b726fc024bf5e9dfd21,OK
262,0xfc93bcaba4aab3fc4bd0de9f17db333099494a00,20.0,0.0,ADDED,0x2390061da897a65e21480dac080827e05c296bc665ac5cf5a14474f638a5eafb,OK
263,0xff641eba4f9121f24108a6fe9067e80e5bd034ea,20.0,0.0,ADDED,0x2fdd76d2d148bc52cb7fce296bdfae247e4c04f17de47022c48ec4be4faae358,OK
