user,oldPrincipalUsd,cmsAmountUsd,finalPrincipalUsd,skippedReason
0x00ce968a3678cdabfe3715101d9c7cb328135296,0.0,10.0,10.0,
0x0115f4584c644ba2e36e3f4ea8bba9acac101010,0.0,0.0,0.0,zero-principal
0x0245143995ee2a729d4f5391a68726b47db5050f,0.0,100.0,100.0,
0x02d4c28e34b5db699480d1332599a51039cbb445,0.0,20.0,20.0,
0x033bcb901cbfcab1180a4888cf34ef6c032bf4b1,0.0,10.0,10.0,
0x039e9fe7bf78737d9797702bd52df19b198074bd,0.0,0.0,0.0,zero-principal
0x041b310b7e0ab39ca0cc2ce1dd3c12e25f6a3c9e,0.0,100.0,100.0,
0x05762bf912b0d155ad17fae32096aa3f5b9500a6,0.0,20.0,20.0,
0x057dee95b5df8cbbaeb0759efd153591680de431,0.0,100.0,100.0,
0x06150db171eef10470e662095ce2d88ac1d6b464,0.0,0.0,0.0,zero-principal
0x067c8871adad23537527e6e657d31e487868532d,0.0,0.0,0.0,zero-principal
0x0742d2fc58566f929e60bd818a10225933eb5198,10.0,10.0,20.0,
0x08b32b6ae25b181b166bbf207db05438bda50590,10.0,10.0,20.0,
0x09558ed22ff683210b415f9b91086000ce1813a6,20.0,20.0,40.0,
0x09ef841042e7edc5719956eeb14e0c82e849cdc2,0.0,10.0,10.0,
0x0abc2aa5d675b561e62c150a54ccfe17f5dbed24,0.0,0.0,0.0,zero-principal
0x0b032d50b8ed399eb3e2964c61ceee201b508b3c,0.0,0.0,0.0,zero-principal
0x0c1d0d7418dc85ca3485b829f5b9075fb456d9cc,0.0,0.0,0.0,zero-principal
0x0cb28e1b3ef0da7b8212bd33c79d0c6c0cd21fff,0.0,0.0,0.0,zero-principal
0x0e7e8b658275fd6046357ae8e2e22be3916001b6,0.0,0.0,0.0,zero-principal
0x0ea7403a3c84927554b2d674ea473218dff95244,0.0,0.0,0.0,zero-principal
0x0f04489947638f9738fb3627f897705aeac5eca5,0.0,0.0,0.0,zero-principal
0x0f16f0c0374ae85d504882f4e25cea33bfeb5c36,0.0,0.0,0.0,zero-principal
0x0fe5f79a2c3ae8b88b595e0036eb893f7b1ecfcd,0.0,0.0,0.0,zero-principal
0x111e48c3cb865032c465202e5d1d3688de2f56da,0.0,0.0,0.0,zero-principal
0x115d3cc67e42f3e1c3e49b6c578e7947527e509a,0.0,0.0,0.0,zero-principal
0x1160b72e0ed83c893847e2b0825f1e3f008d37c3,0.0,0.0,0.0,zero-principal
0x11e6a2b45b1456eec2c3772115ed3a5768ed531d,0.0,0.0,0.0,zero-principal
0x128b0140479002c0cc02dcf943f51a0fabccae99,0.0,0.0,0.0,zero-principal
0x12f94941ff6f571a33228a67f8944acb33369fc9,0.0,0.0,0.0,zero-principal
0x130cc80b522fdb0e9d3897e95ab7d9e5de02efe9,0.0,0.0,0.0,zero-principal
0x134fb07bd53259430a2e2937c2fa80a46fe4cce5,0.0,0.0,0.0,zero-principal
0x1398e515bac51ab8c8e3e49c4bc60f36b0abc94d,0.0,0.0,0.0,zero-principal
0x140e3b32c9473b0f0e1411c37a7ea57416171fc5,0.0,0.0,0.0,zero-principal
0x1433a3fe62e48258ea27b4fb77ea8426393db6e9,0.0,0.0,0.0,zero-principal
0x143959658b543de52934f12aee1345116a6558a7,0.0,0.0,0.0,zero-principal
0x1446e9f843cf7c778d51d4964ecda5db2362de54,0.0,0.0,0.0,zero-principal
0x146f3c4636f978cb8e69cbc22b910baaf439232c,0.0,0.0,0.0,zero-principal
0x15a8c90599a3a9a3eaff236f8c4165d5e9c8395b,0.0,0.0,0.0,zero-principal
0x16fdb82f1d287cf3e40620ac3997962ac55c9c28,0.0,0.0,0.0,zero-principal
0x1812a39c35392556b2106394d100552ea4991755,0.0,0.0,0.0,zero-principal
0x18cd7eb414b2c6251674318b285204957fe09df0,0.0,0.0,0.0,zero-principal
0x1904d9b7835ad385a276a306f437d726613b3c0e,0.0,0.0,0.0,zero-principal
0x1955b1cf9fe40eae1a9637dd7c6ad78baaf603da,0.0,0.0,0.0,zero-principal
0x196c55fbd51c5e49d061c336bfbc0bdd8adf23e8,0.0,0.0,0.0,zero-principal
0xd3b8d78c447c64ebb1d9815abb1019ea2cba74fb,0.0,0.0,0.0,zero-principal
0x19d34671b0b1d94fa73a0fb117798eaae48d4d4f,0.0,0.0,0.0,zero-principal
0x1a2e414f6e95cadcf73ae1890796371185d32fcb,0.0,0.0,0.0,zero-principal
0x1b12211272b004ddf485dee46b3a212777ca3c77,0.0,0.0,0.0,zero-principal
0x1c1cbd5b8ce6980879d08f57da7047d9530eca11,0.0,0.0,0.0,zero-principal
0x1c554b4ba2e2ce82dfc2b89591a7ce259c7dcafa,0.0,0.0,0.0,zero-principal
0x1c806e07146c414ce1f0406819e02a876c1e70a2,0.0,0.0,0.0,zero-principal
0x1d6edffdd6aa8ef937e25c676b808cd89b523b1c,0.0,0.0,0.0,zero-principal
0x1e9fb8b65be4cc682bd75e499e6cb9114c4d719e,0.0,0.0,0.0,zero-principal
0x1ee2f2ccd2de113b4fbc0b9251680cb27a602881,0.0,0.0,0.0,zero-principal
0x1fa04b000a733343441c42ecc337e4c3dc01ecb1,0.0,0.0,0.0,zero-principal
0x2158b8d5b1479c0a5fa210f39c184e747a6981b3,0.0,0.0,0.0,zero-principal
0x2192bef742d21b2668db7b97a8a7b8a36604eacf,0.0,0.0,0.0,zero-principal
0x21acc7b9d6fc22bcacc04f2d54825db0ef1fdfb3,0.0,0.0,0.0,zero-principal
0x22a875bc5465c37199d7a9cef55f385656a9b105,0.0,0.0,0.0,zero-principal
0x22b4b9e8772b875d93c4df9124c2218f82d997d8,0.0,0.0,0.0,zero-principal
0x2406da840a01bced626a20939e6af819e569702e,0.0,0.0,0.0,zero-principal
0x245b5b158e2622c6a204f6d069f6db5eb42bffbc,0.0,0.0,0.0,zero-principal
0x246e409bdb7444f78e78f86283e353a3e9809114,0.0,0.0,0.0,zero-principal
0x24a4d280f9986d1dcb2547ca0bdd952f97bf81aa,0.0,0.0,0.0,zero-principal
0x24d2ec7f65145cd410fc7f19f4f7a226192fe599,0.0,0.0,0.0,zero-principal
0x251898378d7648df94433ee66bbaf5d4f81e2e9e,0.0,0.0,0.0,zero-principal
0x25f5e82204fe567817d20fc3af35b3182bc2d081,0.0,0.0,0.0,zero-principal
0x275ddb4b45a4326d48bd10c37542882b7ce0f914,0.0,0.0,0.0,zero-principal
0x2786c07b34ccf6631052da54d789ba11c03f8737,0.0,0.0,0.0,zero-principal
0x28c5348c3c71fa784594cad9aac1b3fe665388f1,0.0,0.0,0.0,zero-principal
0x29bd7ab23437050a21553ed1aab0f1400826f84f,0.0,0.0,0.0,zero-principal
0x29d24338cf32621b652222ea2deef4decefb7b7d,0.0,0.0,0.0,zero-principal
0x2abe2b8b4ae218d698b17b48fd86ce9a10a3dd56,0.0,0.0,0.0,zero-principal
0x2afc4e1190638de635bfa4b0dc7af33e8fcb07be,0.0,0.0,0.0,zero-principal
0x2b0ab3f3e88ee1e43185308c98909dd064f46aa4,0.0,0.0,0.0,zero-principal
0x2b1a5a6f7f6907c6a9900411a0412f156a0f0a79,0.0,0.0,0.0,zero-principal
0x2b47b6193937e0543141cd4c84a5238de936bf6d,0.0,0.0,0.0,zero-principal
0x2c5cd7b552554b586c3e940a03666497c40e6b95,0.0,0.0,0.0,zero-principal
0x2d737ee89b1a33e0ae4c50e109de1a4386825273,0.0,0.0,0.0,zero-principal
0x2e1aa8f49662d9403c047d261d654b398f6d3bb6,0.0,0.0,0.0,zero-principal
0x2eaef91c0c1abf9741a7724e5f2a28e047e0b3fa,0.0,0.0,0.0,zero-principal
0x2f117d42d4c09fb354bb6ccc7bd30d1f42d192bb,0.0,0.0,0.0,zero-principal
0x2f519488cf27a109fb15f1b966b65103031b78be,0.0,0.0,0.0,zero-principal
0x2f63fa4ee00e8805549c9d635872218e00ceee38,0.0,0.0,0.0,zero-principal
0x30ebcabf3d91cee63ac38d7aad6dffc0d8e2b4be,0.0,0.0,0.0,zero-principal
0x31a82f0b0b77f6c1eebdf6c4314375991514ed83,0.0,0.0,0.0,zero-principal
0x32342e83c08d2762b32c07080a9a6d14fde257d9,0.0,0.0,0.0,zero-principal
0x32616ea7150c8ffb26836153f8127df0abb425db,0.0,0.0,0.0,zero-principal
0x3309a2038535abe2c418a8ddf06db0301e322f71,0.0,0.0,0.0,zero-principal
0x335a4d752c726266a8cde962674770c50b2220ba,0.0,0.0,0.0,zero-principal
0x338db8cf8bcdc24c6afc5251fd2cdf0f1a877d13,0.0,0.0,0.0,zero-principal
0x33d98d39c9bff7bf6cf9f808298c148677c37c0c,0.0,0.0,0.0,zero-principal
0x341eb9c2c61874d23f77b4b2b2825366a3f1d2e8,0.0,0.0,0.0,zero-principal
0x353d125bb4cd560d329c1cff79e5b60ec0d842af,0.0,0.0,0.0,zero-principal
0x364d33e64e60238720805c2e59e5e4a2ca3d5940,0.0,0.0,0.0,zero-principal
0x36ad9191b6667a049b891cfd9b9ff61ffa832a6d,0.0,0.0,0.0,zero-principal
0x37329a6c955287079f79d50ec3df5079485d632f,0.0,0.0,0.0,zero-principal
0x3770f0871b28ab40f8b9e1d12fbf04be4305be48,0.0,0.0,0.0,zero-principal
0x37994e4bd23fab4b43cce548bbb5b1618aacbe7b,0.0,0.0,0.0,zero-principal
0x37b6738cc78cacb87b35e4958a515343bd0ceb32,0.0,0.0,0.0,zero-principal
0x37bf82de7fd36faf54b2c10f8f0d8eed56e4f421,0.0,0.0,0.0,zero-principal
0x37c8abd61d6717bdc579688434c81104b9369b82,0.0,0.0,0.0,zero-principal
0x38262a93d317234072b9f3484040ec3539c0d057,0.0,0.0,0.0,zero-principal
0x39b4f1a3acfac447feb8efab0f5f5e314ffc852f,0.0,0.0,0.0,zero-principal
0x3a10089f51616835a6c31ba23683747d6e8e8ac7,0.0,0.0,0.0,zero-principal
0x3a43821a97295d6fc0cb712c2707a110a8f4a2e7,0.0,0.0,0.0,zero-principal
0x3c0c91b009811df65df540352c407ac2650828bc,0.0,0.0,0.0,zero-principal
0x3c78289b862360234de151b8c2d5d7b8727d88d9,0.0,0.0,0.0,zero-principal
0x3d11e00f91530286622df463bf138559462715d0,0.0,0.0,0.0,zero-principal
0x3eb289d79aacddad757200d8933f11fa219a06ff,0.0,0.0,0.0,zero-principal
0x3f8b9c65dc8c29679657c58482635ff733de18b9,0.0,0.0,0.0,zero-principal
0x4032fd093e35b40222df9c2caed0c9eb2ddfb4b7,0.0,0.0,0.0,zero-principal
0x4125097637c7f8add9ffe7f9abf64c0b5406f31c,0.0,0.0,0.0,zero-principal
0x413ee8adf768b9a7f884803857d8054d662ae59c,0.0,0.0,0.0,zero-principal
0x422d45f728e3d2535595209ae752c846692803ea,0.0,0.0,0.0,zero-principal
0x430a164ede1661d3109bddaac03ba35b29ad48bd,0.0,0.0,0.0,zero-principal
0x437399c8a74d5939bacef4eea3bd199456499c53,0.0,0.0,0.0,zero-principal
0x43b60deba19ea86cf9e1d3422fa5e5a070efe0d9,0.0,0.0,0.0,zero-principal
0x443cd25358f1485110ac11ed3d1bc30cda0bd566,0.0,0.0,0.0,zero-principal
0x44617fa71c9beb8577f70df5b554d5e91e8966d3,0.0,0.0,0.0,zero-principal
0x44af1628322e4224a08483c913b8d6d1b1a46578,0.0,0.0,0.0,zero-principal
0x44e01327ed481e581834517b21bf89eab2b10628,0.0,0.0,0.0,zero-principal
0x44fa875c7d50c11af5d0db5765208830fc86134f,0.0,0.0,0.0,zero-principal
0x45cd581299c40c1e2bbb8b6cb02522c370142d62,0.0,0.0,0.0,zero-principal
0x46e462946217b4924587a68e57b0b3d72145281b,0.0,0.0,0.0,zero-principal
0x46f661d812f84b705a2ea7058397b666aac23e30,0.0,0.0,0.0,zero-principal
0x47125eb5498512680afa05f20beff546f9a4f6af,0.0,0.0,0.0,zero-principal
0x476015cb09e41e30c48fed85f9bf1947aae3d917,0.0,0.0,0.0,zero-principal
0x47fd6fa8d1cb88a5b11d5b793b6b43f5f4796cc6,0.0,0.0,0.0,zero-principal
0x4838fd2361751cdb91ecd8de0cca906990be20bd,0.0,0.0,0.0,zero-principal
0x488c2aaec2e31ac965e392b11db48e1fc9e9f749,0.0,0.0,0.0,zero-principal
0x49722dbfbfa917fcfb76027aeecce783f30560f9,0.0,0.0,0.0,zero-principal
0x499ccdee4fe451b257c7dc5c753f0a52ed081c79,0.0,0.0,0.0,zero-principal
0x49b4de2d81f72e713290b77c51e909212cc45325,0.0,0.0,0.0,zero-principal
0x4ae132b9deb3a87f9f2fbb226bb8b936f201fff5,0.0,0.0,0.0,zero-principal
0x4b594ec450dbced03d1db3b84e0585482058ab3d,0.0,0.0,0.0,zero-principal
0x4b7974fd1f4c2b3eb6923f17aa3fbcf6cdca7a8c,0.0,0.0,0.0,zero-principal
0x4bf72599503f47e60144b505de58ea94654f52de,0.0,0.0,0.0,zero-principal
0x4c04e52bf46b29f8d85ac0592f24dca8aefee056,0.0,0.0,0.0,zero-principal
0x4c221db0224f1e0edaade4dbc5160744868e5838,0.0,0.0,0.0,zero-principal
0x4cf7328572da81e87d69999cec5e9ddeb882fe4b,0.0,0.0,0.0,zero-principal
0x4d357631ddbaf306e1264aeb42fa9a94febb3a77,0.0,0.0,0.0,zero-principal
0x4d58440da35c5e61861c28317c3819adcaf0acd3,0.0,0.0,0.0,zero-principal
0x4e7ebbd5210c7fd4c63f89f1829055b496a9e177,0.0,0.0,0.0,zero-principal
0x4ea218ed8803de17e16194e06708789b56ddfbff,0.0,0.0,0.0,zero-principal
0x4f0ca14f2cbfbd1cfa77f6f4130521425423ae66,0.0,0.0,0.0,zero-principal
0x4f87a4f8474d435533a66327510683b12128110b,0.0,0.0,0.0,zero-principal
0x4ff3a89bada3c67c5e3572e43452a4a794c00478,0.0,0.0,0.0,zero-principal
0x50d0d488960d7a1ecd31d762867be4629fa31941,0.0,0.0,0.0,zero-principal
0x50f17dfc3ebe89c9ba9905612931f3994fa5810d,0.0,0.0,0.0,zero-principal
0x52186c1dfca715c1318c1a57e8402a06944a159d,0.0,0.0,0.0,zero-principal
0x523123e0ee29be5d940dda33b808726e5274d918,0.0,0.0,0.0,zero-principal
0x52ad561ef36f9aa77ba724484e8f8c2b6b8d84a2,0.0,0.0,0.0,zero-principal
0x53fb055244972b321b149a1b768eab679bbc96d7,0.0,0.0,0.0,zero-principal
0x546b298b44a14fb93998809ce82e43ccad64b10c,0.0,0.0,0.0,zero-principal
0x54ee7ae10ed9a7bebdfa0efab88d7334d15db299,0.0,0.0,0.0,zero-principal
0x558c3aab1c967f7d7bce906c3aecfdd004b2d8ef,0.0,0.0,0.0,zero-principal
0x5596da639ee94956859663bd76e470397fe8fa7c,0.0,0.0,0.0,zero-principal
0x56a53b9acc36221dba74fc308b74c694c6331c8f,0.0,0.0,0.0,zero-principal
0x56dbb6690487768ea4eb284c3a1b472abc818701,0.0,0.0,0.0,zero-principal
0x56dd2491251b36497cef62fbd4e24ee55d1e0d77,0.0,0.0,0.0,zero-principal
0x56e2b9d8b5ed78f8f1c5d04e22418626d8e9798f,0.0,0.0,0.0,zero-principal
0x56f2987c0a1b017703a6ffeb91cdb587959447ff,0.0,0.0,0.0,zero-principal
0x585a13776ea74c3da040d3213e860736a9713697,0.0,0.0,0.0,zero-principal
0x59ca4e7d2327446fde4062de5fd0a93ad07262e1,0.0,0.0,0.0,zero-principal
0x5a690ebce06b6b698922c95053e11352ede743db,0.0,0.0,0.0,zero-principal
0x5aa0cc541dbdbbd4d831d042e178bfd22b9f74f8,0.0,0.0,0.0,zero-principal
0x5b33a958fde0b4161caa1a898400c37f69758d9b,0.0,0.0,0.0,zero-principal
0x5cbe483c4eb66ff4a923503d8df1f7a5e32c1d6e,0.0,0.0,0.0,zero-principal
0x6023053c16249362ef9d5f43d1e004567439791d,0.0,0.0,0.0,zero-principal
0x61b0cb0b884131b6ae6df4c43c7570521dc17360,0.0,0.0,0.0,zero-principal
0x6276ac538c9f18f4dc6b058e7d558f0e3d38d952,0.0,0.0,0.0,zero-principal
0x6319c440ba9c814de69199590bd13e133ac7a4a2,0.0,0.0,0.0,zero-principal
0x6360eabf97be5d81639f5258be76a9a09e644974,0.0,0.0,0.0,zero-principal
0x655282b1aab7f7bb4f37d68d2f4d0f4c436d7da1,0.0,0.0,0.0,zero-principal
0x65fb5fb2dcf452507264fbed3f73643f7222270a,0.0,0.0,0.0,zero-principal
0x663aa95966aaba8a9c10ce3e0432964617c1742c,0.0,0.0,0.0,zero-principal
0x664a0ebd745836f49bf3f9a7f43611e9e9793fe4,0.0,0.0,0.0,zero-principal
0x66a80def1fe002a5605352ee17afc06260265fd1,0.0,0.0,0.0,zero-principal
0x6726f92ae08a26a411fadc5b0bb8f0a28b6dd7ca,0.0,0.0,0.0,zero-principal
0x6832600d63bb250f1c254fa15096eaa1a6928769,0.0,0.0,0.0,zero-principal
0x689a5c3643561e26742d2332209fe834599cf0a5,0.0,0.0,0.0,zero-principal
0x696a68132922c2f184c331cb780a1c69bbc2a09d,0.0,0.0,0.0,zero-principal
0x6a1d1641b3bf38610b9bd4d70038d3ccfa8682de,0.0,0.0,0.0,zero-principal
0x6a6400e28052cf9b514a2d2cebe4ccdb38510468,0.0,0.0,0.0,zero-principal
0x6bfb94de6aa15fcf578d1239b24fb74789483afd,0.0,0.0,0.0,zero-principal
0x6c1d4081dc385cb3395bbd0cd2fc37502afb5dd9,0.0,0.0,0.0,zero-principal
0x6dd693dcac1773deea67fa46b16472580e71e2a1,0.0,0.0,0.0,zero-principal
0x6f5df80d8790335e5027d1cf72442eda268db34b,0.0,0.0,0.0,zero-principal
0x6f9acda54a7b35e32812253547f9a16aaaebfee9,0.0,0.0,0.0,zero-principal
0x6ffa259ad47bdf268f97eed1c32938f6c6927057,0.0,0.0,0.0,zero-principal
0x70107f6b1ef15ee17ac8711e634b33561d93a7e9,0.0,0.0,0.0,zero-principal
0x703cf8d4c26e2ee246a2ee8aa41edee6c2d672ee,0.0,0.0,0.0,zero-principal
0x7087c00d236c27007353e5824ae30221be9afb94,0.0,0.0,0.0,zero-principal
0x710fcbd86779d974abd0428595c2ae5ed0754288,10.0,0.0,10.0,
0x7179136a1a3910220e15bf1e712bb54c9e570133,100.0,10.0,110.0,
0x71ecd255d056523bb396d5d4e012859e3a173475,18.0,0.0,18.0,
0x721bfb3b48e27b884c4cedf35062cdba08ae90ec,10.0,10.0,20.0,
0x7289f56bcd12fadc9235ec7d498319704601fe8d,0.0,0.0,0.0,zero-principal
0x728d949e9fe1a31036126726a3a5535ab566e34b,10.0,0.0,10.0,
0x729e619ee46f87a901e4df6181c9f3d48b79bb74,0.0,0.0,0.0,zero-principal
0x7349290fd91ae729f96fd1cd8c45df2153ffb56f,0.0,0.0,0.0,zero-principal
0x737cd40b240a1cf81dd9248f4e633bdc4bd5718b,0.0,0.0,0.0,zero-principal
0x73ac2ce75ad2fce2d3eb1a318bb511418ff4c769,20.0,20.0,40.0,
0x755fdf84b7024e79804b9b7339a45af536c3c164,0.0,10.0,10.0,
0x7578272855aaa8a82d5b65ef311c4e25678b415b,0.0,0.0,0.0,zero-principal
0x75af06217adb3800f2ebafd7353aefe9fe5b6991,0.0,0.0,0.0,zero-principal
0x75bc17e24e9cf2236efa26ee7ce46f42bde53942,0.0,0.0,0.0,zero-principal
0x75c5df8f8d8771e058688e68378cec1da0ca7c75,0.0,40.0,40.0,
0x75c77f520a3ce913e0da3d16bdeb8ac67835c9be,230.0,0.0,230.0,
0x761b37a4d509e77caa134741611e42324d269971,0.0,0.0,0.0,zero-principal
0x78be61444cc117e9e659d6888383866c7a4e4d37,0.0,0.0,0.0,zero-principal
0x7a370c8f1309eb55fc8e5e571d3b95b3188b1bf8,0.0,0.0,0.0,zero-principal
0x7a5ee656af66c728528d737a5b1a94ea84a2b0d4,0.0,0.0,0.0,zero-principal
0x7aeab07edf77f93d542db3e84f6a4e1c719ab135,0.0,0.0,0.0,zero-principal
0x7cad5b26f5cd8d7c37cdc451e1988a751e6b3e99,0.0,0.0,0.0,zero-principal
0x7cd1e77ec93f3cb106f7c8776e45ebc5b70e7c27,0.0,0.0,0.0,zero-principal
0x7e3f1e1e62d754056e3088f551f148af0d0be90b,0.0,0.0,0.0,zero-principal
0x7ebc51541dadaf555f60f99b7af2822cf422623a,0.0,0.0,0.0,zero-principal
0x7ec1f784d4db1c967302e1402bd9248b531b3d29,0.0,0.0,0.0,zero-principal
0x7ece6298065988cc43a43e18365c0dd3d4c572cd,0.0,0.0,0.0,zero-principal
0x7fb281ce9004b38ffda27f205d51a0b282692db4,0.0,0.0,0.0,zero-principal
0x80c0bb5f186d264794fc8efa19d235606f863b95,0.0,0.0,0.0,zero-principal
0x8170585573c8e01422b004583a5607f1bff50d9b,0.0,0.0,0.0,zero-principal
0x81ce2b136598df27996ea3e6f1551a7b9ef40587,0.0,0.0,0.0,zero-principal
0x8355097ba2c69cd8e7fa256c18124ec9d79460e5,0.0,0.0,0.0,zero-principal
0x8498835c2ec0eab789997be99542fb831d33ce57,0.0,0.0,0.0,zero-principal
0x85707f68deff345cad390a04049593ea6833be57,0.0,0.0,0.0,zero-principal
0x864f8f918822092655aaed821008571f8cc4d05d,0.0,0.0,0.0,zero-principal
0x86b350a21cf01e2a111acf6a19af58dec5b29c26,0.0,0.0,0.0,zero-principal
0x86f0e637fb2e41882719b0a35dc424e260bc072d,0.0,0.0,0.0,zero-principal
0x8777542188280ead50b7c5de76c8c518ab62fd48,0.0,0.0,0.0,zero-principal
0x87b117b32bf511e24ec53077668cd5c25b9934f5,0.0,0.0,0.0,zero-principal
0x87f95a22719ca4626beb87242f159cf6cb1c5f82,0.0,0.0,0.0,zero-principal
0x883549299203187dbbda1d98cc9c66f70651a368,0.0,0.0,0.0,zero-principal
0x8894d5737cbaabb0f9a8e54acbbc90b5b0b99a20,0.0,0.0,0.0,zero-principal
0x889c770dad766914610ebe0b184eab2455727aa4,0.0,0.0,0.0,zero-principal
0x8917b9bc82d495f8c0892fc1ee361fd13e801d52,0.0,0.0,0.0,zero-principal
0x8a32e84f1d5162d2e7290f4e0ef2dd8b04167639,0.0,0.0,0.0,zero-principal
0x8a42bdea122e5fe0214269f80178f8425169ef7e,0.0,0.0,0.0,zero-principal
0x8bcf7151148593ea9b6479dfc27eb1e71b6a3b4c,0.0,0.0,0.0,zero-principal
0x8be9de77dd24739963890c7ba1cab7d24350e300,0.0,0.0,0.0,zero-principal
0x8c78d890301375928a743386a85559284ecaa370,0.0,0.0,0.0,zero-principal
0x8c95de88672fac05171d3a67cc50417956e55ca4,0.0,0.0,0.0,zero-principal
0x8d59f6edabccf5f44f1f5b09dc233fdfe69ae467,0.0,0.0,0.0,zero-principal
0x8d79115bcc880e95c8ca1d5b2c3ad8b35839ef8f,0.0,0.0,0.0,zero-principal
0x8e167a7c04f0cd84cfc3d197d2ac8c56f3ba7e13,0.0,0.0,0.0,zero-principal
0x8e23c42fe4f691216459043cb84478052208739c,0.0,0.0,0.0,zero-principal
0x8f67c5464d4da56bd1924586dfbd169ff966e43a,0.0,0.0,0.0,zero-principal
0x8f6ff148e565f584c7167209ebb3649eec1ec445,0.0,0.0,0.0,zero-principal
0x90be425bc159e802bd01c98fa444c3c25cae8fea,0.0,0.0,0.0,zero-principal
0x91c6f2e421e525abcfc086ab3930cdfeeddf25d5,0.0,0.0,0.0,zero-principal
0x91e35f0260a37ddd5a739c9a043ba771d406be1a,0.0,0.0,0.0,zero-principal
0x93185be842ce1d9a698f2c07c4138ebc2e3dfd07,0.0,0.0,0.0,zero-principal
0x931ff6c169109eda441405882bf76f37d359e027,0.0,0.0,0.0,zero-principal
0x94552576ff6c7dbb2c5b6d3f14f9ce4938f56674,0.0,0.0,0.0,zero-principal
0x9477807e39a77115dbdb00f29b7d3ee59b353997,0.0,0.0,0.0,zero-principal
0x949b6c216d1818429e9d5f1bdc0893efc7ce51ae,0.0,0.0,0.0,zero-principal
0x9541b5b49c1801147852dc4838c971759e4106c3,0.0,0.0,0.0,zero-principal
0x95cc95891d959b77ad35a886032e28c1fe44cb92,0.0,0.0,0.0,zero-principal
0x95f8441e65274a79370320d02b901259b38fb139,0.0,0.0,0.0,zero-principal
0x960dfff626c1cc5b58865a03430a23236c549739,0.0,0.0,0.0,zero-principal
0x96494f66acc0809de4e61c15d9003f796fdaad13,0.0,0.0,0.0,zero-principal
0x98da6c2042856d712a695a425c06a5fdd3de0bb7,0.0,0.0,0.0,zero-principal
0x99dd679322ba9ddaeaede747145ae595afab9e13,0.0,0.0,0.0,zero-principal
0x9a3b9239db3df842abb7fea411092c18ac4d98a4,0.0,0.0,0.0,zero-principal
0x9a4abd8f390d740254b0155ed62334a10d034b5a,0.0,0.0,0.0,zero-principal
0x9a5aa20e7259a2b893948734012f4de94318d29c,0.0,0.0,0.0,zero-principal
0x9af7a94a4e666fda57ac27d437890e9b2d567b10,0.0,0.0,0.0,zero-principal
0x9cfe7eefa15b09692c6f6bcdf660b80cbc7039e2,0.0,0.0,0.0,zero-principal
0x9decedf9d33565d701690f496afb7deece263f2b,0.0,0.0,0.0,zero-principal
0x9eae2e5951d116b2b4d7a46fedfe99f130002d6c,0.0,0.0,0.0,zero-principal
0x9f3cdf9b66223abdf0dbe0c2a105fdbb78807c06,0.0,0.0,0.0,zero-principal
0xa01d5e644ee6344505192c4176892fc0d03069d7,0.0,0.0,0.0,zero-principal
0xa024af0104cee7b2368c51f46535bfa9de226e36,0.0,0.0,0.0,zero-principal
0xa1616edde07d8014ee2fd393e9c24431408c5ddc,0.0,0.0,0.0,zero-principal
0xa232092a7da5f22f6710390e0b398ba423e82fe7,0.0,0.0,0.0,zero-principal
0xa31575065f80da8f93b9fb3a79279fc1dfc8f75c,0.0,0.0,0.0,zero-principal
0xa3c9f8c978e0cf75bfb2048b41a7b010f3b476ff,0.0,0.0,0.0,zero-principal
0xa478fe24c6bb48d7abfd16ed870ebbe6e5ce7a45,0.0,0.0,0.0,zero-principal
0xa59987445bc02bd948908eb72943cffba7ca556e,0.0,0.0,0.0,zero-principal
0xa626cbc20913401f84387a5b2e58f879ae368f77,0.0,0.0,0.0,zero-principal
0xa7c05576ca48dd98956c28415d8cc25d340b9d83,0.0,0.0,0.0,zero-principal
0xa7d7a94369111dcd63541fefaa47e08cbeae7643,0.0,0.0,0.0,zero-principal
0xa8b957c92bf07451e098f516ef044a864c302c5d,0.0,0.0,0.0,zero-principal
0xa9142da4b6a150d800f193e1450f5721df7f8f7d,0.0,0.0,0.0,zero-principal
0xaa33edcce2e6baed863e4c8135158963103647a6,0.0,0.0,0.0,zero-principal
0xaad995c617dc346be327e98b8fd0755043539be3,0.0,0.0,0.0,zero-principal
0xaada12d9893b8fb85870374b4d0f84663b5afe2c,0.0,0.0,0.0,zero-principal
0xaaf596b51123e658fff92bbc9608f52d2c3f1390,0.0,0.0,0.0,zero-principal
0xab77ca425151b551974198daa51da1bc70e66007,0.0,0.0,0.0,zero-principal
0xac4525969e5e1f29784be6ffeef65c69ba5641a0,0.0,0.0,0.0,zero-principal
0xad408285436172729d784a08048b882cd42a534e,0.0,0.0,0.0,zero-principal
0xad7b402ab1d4f95b64fa77641b858dd8d1937783,0.0,0.0,0.0,zero-principal
0xadbba225499273e39d560abb62a38abf3a71f745,0.0,0.0,0.0,zero-principal
0xaf04df408e54b1f0406bb4941b76d412baa616fc,0.0,0.0,0.0,zero-principal
0xaf426c9a4e06438a38dcd41b45f4f12d672b6d10,0.0,0.0,0.0,zero-principal
0xaf91226103866aeb9ebefdc02aea7e0c1c8037d1,0.0,0.0,0.0,zero-principal
0xb06f851d0b707f47bb9a9eb527fc93a647b1efbc,0.0,0.0,0.0,zero-principal
0xb1062a62727177a847a6a6a0990019361c25b179,0.0,0.0,0.0,zero-principal
0xb16bc09e54df9f92f9b0305c03f8f89cd16400fa,0.0,0.0,0.0,zero-principal
0xb1b7324feb155bc00808b1677786e230574cab10,0.0,0.0,0.0,zero-principal
0xb402af45134e07907398715d7a6c0ebd2a1e3d6c,0.0,0.0,0.0,zero-principal
0xb5d3bab06ab6a69e113e21252dc98ed1575e9bf9,0.0,0.0,0.0,zero-principal
0xb6d9ecbb25be0c4fb4a03ad4b07861b512b93101,0.0,0.0,0.0,zero-principal
0xb7bcad1d6094c035c862c9c450b712efc79e3340,0.0,0.0,0.0,zero-principal
0xb7ce7e44714f0358db0a5721e5e89be803753a69,0.0,0.0,0.0,zero-principal
0xb8122ebfedc56659008e2d25d18335acf39dbc7b,0.0,0.0,0.0,zero-principal
0xb840aef79cda7bef20f80970909924bcd6c497c0,0.0,0.0,0.0,zero-principal
0xb93c955e62f249edb423b5c1cb3280295f9a4d49,0.0,0.0,0.0,zero-principal
0xb94046e8b26262513d9da638d4e1c266a26dccc4,0.0,0.0,0.0,zero-principal
0xb9dbb3afb2f466e411d80ef54c70ea44d93cd349,0.0,0.0,0.0,zero-principal
0xba0a9cbdecde2061c3f8c1f8ea4031545ddf3fd4,0.0,0.0,0.0,zero-principal
0xba4e18c2b846ab22a606242b7d13c91492f496e3,0.0,0.0,0.0,zero-principal
0xbaf393dbdbf31bb85b0194fa6610ee56090ced7c,0.0,0.0,0.0,zero-principal
0xbc3292471d1746e6d34505bdf3ae7a86141ee974,0.0,0.0,0.0,zero-principal
0xbce617ac20374997753101a97805fbbb938caa28,0.0,0.0,0.0,zero-principal
0xbd2256dd9b5c0498f8b9743128c42f4c618ccf1a,0.0,0.0,0.0,zero-principal
0xbd2533c1ad65a75b3a05bf306f54c2584853374e,0.0,0.0,0.0,zero-principal
0xbd2ad925be85be959d086a48cdcb455423fdc4a1,0.0,0.0,0.0,zero-principal
0xbfa8346b8366bc5b062db604a3c9ec9c3516d24d,0.0,0.0,0.0,zero-principal
0xbfe857d7c4f8b101684656af58667b8d8f9ddf82,0.0,0.0,0.0,zero-principal
0xc03631bf12b037df919fc243fdcda10598095e60,0.0,0.0,0.0,zero-principal
0xc05dcc01cac7b6b82e901cc26ad2e38621add3f9,0.0,0.0,0.0,zero-principal
0xc06d7b580d6911ce2c29775c067df518428cd0a5,0.0,0.0,0.0,zero-principal
0xc1b2783236921ac45d388695debffd98816f7d47,0.0,0.0,0.0,zero-principal
0xc21f00fb35f543b77374101d32e92bf410ec68bb,0.0,0.0,0.0,zero-principal
0xc2243a5c1fe1083a1879020289e756e329104ee1,0.0,0.0,0.0,zero-principal
0xc28067ca203e9ce64e077f389235db0595025fbf,0.0,0.0,0.0,zero-principal
0xc2cb993c5cf13e623ba49fccb86d8b6017b33ea9,0.0,0.0,0.0,zero-principal
0xc2ded9c76daa0a92244edd5d13c591ebdba97203,0.0,0.0,0.0,zero-principal
0xc2ee360c1f04d521206dca3ba8702b48e668f61a,0.0,0.0,0.0,zero-principal
0xc33a68ed38fbac69293d19016d12a1a58277710d,0.0,0.0,0.0,zero-principal
0xc55b1548be40273b569f5e292363ea0136feaf14,0.0,0.0,0.0,zero-principal
0xc5921fa98a8a4775f8cc6a2ef20fcc9730ae9405,0.0,0.0,0.0,zero-principal
0xc5acb5cec655111e2fc2853889034ed780970299,0.0,0.0,0.0,zero-principal
0xc5b9155275b4047bbe445a1dc623b2fdcdf80100,0.0,0.0,0.0,zero-principal
0xc5e5cfb0665f455418c775b4520ae7670fdb5751,0.0,0.0,0.0,zero-principal
0xc71856d281df222042435046d29414cd7835dfc3,0.0,0.0,0.0,zero-principal
0xc723da3ac167e3212b1497a4745593404fe6a484,0.0,0.0,0.0,zero-principal
0xc82f1d0381a374220fa93a37fc90eb51a490beae,0.0,0.0,0.0,zero-principal
0xc83fd777ec4b9103b572bb3c05f55fa92087abc9,0.0,0.0,0.0,zero-principal
0xc86d281850397e97d5f7f4472835f24defe7bf45,0.0,0.0,0.0,zero-principal
0xc8a4494bf12aba4298f1555dbb25d052c7724e44,0.0,0.0,0.0,zero-principal
0xc8c59bba0fdf097bf370b78b069248f1b9fe1ab3,0.0,0.0,0.0,zero-principal
0xca738f0c6c3cc82f84a396622a994846b2b14a99,0.0,0.0,0.0,zero-principal
0xcaa745cb1d319c31f5f436c6feaa801d4345b2f0,0.0,0.0,0.0,zero-principal
0xcb06ba07472199dd8ebb55aa04f9c914f5b496d3,0.0,0.0,0.0,zero-principal
0xcb99382d3964e6bf99aea5553c6f63a9f1da47cc,0.0,0.0,0.0,zero-principal
0xcbe12bfed4f355c4de0e2d45a491f749361956ef,0.0,0.0,0.0,zero-principal
0xcc84f64cafc47af6490979df2d60fc1072594867,0.0,0.0,0.0,zero-principal
0xcce25f9953a8226722cd87c834fbb1a1e448a77f,0.0,0.0,0.0,zero-principal
0xcd2310ef547e7ca3efc84881368098dd1c3a6491,0.0,0.0,0.0,zero-principal
0xcd513e11b26c8cfae5c2c0928746fed964027051,0.0,0.0,0.0,zero-principal
0xcd5f729351ea5457dded6cf67a3eabda5dd6bdd9,0.0,0.0,0.0,zero-principal
0xcd8b56ef285476cc72f0ef2e0389e55a873f4c2b,0.0,0.0,0.0,zero-principal
0xce94be53d0049c182fae09cb08ea169cb80753cc,0.0,0.0,0.0,zero-principal
0xcf0caa668804bb1d30b48f349403ca23e1c7eec9,0.0,0.0,0.0,zero-principal
0xcf42342f940d102a5086c531e829365da62113de,0.0,0.0,0.0,zero-principal
0xd03c73f74d598a99fde9f1629ba539dddf503911,0.0,0.0,0.0,zero-principal
0xd0be68a0d2e9fe86b2265835f6b87a99de4582a0,0.0,0.0,0.0,zero-principal
0xd2270a45426278ea6c5e5e08edbd6a4b91a7a76b,0.0,0.0,0.0,zero-principal
0xd239e0bc20dd79f39b18cad64098b19131d04b47,0.0,0.0,0.0,zero-principal
0xd2b4411963fb07b91fa617536df8a40c019efdba,0.0,0.0,0.0,zero-principal
0xd358bd2256d9f6d4ed4ce3d8ad433ad2705d40ff,0.0,0.0,0.0,zero-principal
0xd383e68ba61d923cc720a3687efedd394ee485a1,0.0,0.0,0.0,zero-principal
0xd43758792e7ca06bc09504cd51d4cc430768b168,0.0,0.0,0.0,zero-principal
0xd546ba6d049fd7e6ad40f4ae75c27f7dc89fe90c,0.0,0.0,0.0,zero-principal
0xd5589ed68baa8051a7dffc9acd9ea1bbd637379a,0.0,0.0,0.0,zero-principal
0xd59a5ea563ca29b2c1026f9e90b23aa51742e306,0.0,0.0,0.0,zero-principal
0xd5adf4ab6994a9891187c19449f1d7c6aff820a5,0.0,0.0,0.0,zero-principal
0xd6a2725f491ab8a8043b6914a29b9191eb6a8bc8,0.0,0.0,0.0,zero-principal
0xd96cceb5abd8b5514952bca271c9cbd2585dc5d9,0.0,0.0,0.0,zero-principal
0xd9d646fc6e61debe8e47aecdd52f2f8752c3aa43,0.0,0.0,0.0,zero-principal
0xd9eea713298c19416a098c5a17085230b1185daf,0.0,0.0,0.0,zero-principal
0xdb3e16b8496afdd799d7e032c27cea621cdec46a,0.0,0.0,0.0,zero-principal
0xdba28a6ff9b03e73105af6c2cd1a4f9d7bf042de,0.0,0.0,0.0,zero-principal
0xdca1ea99feb4c56db04b133f987d1fb2bba2ce46,0.0,0.0,0.0,zero-principal
0xdcd5382b02443f351fcd776f0ee88547a2498f8f,0.0,0.0,0.0,zero-principal
0xdcea0f3c34da568531976bf7ac257663e250e5e4,0.0,0.0,0.0,zero-principal
0xdd3296ac1268c71db444708ccb1c6caf0aa80d82,0.0,0.0,0.0,zero-principal
0xdd8498f68370e5959639f57b7a401bb55bb8eca2,0.0,0.0,0.0,zero-principal
0xde27461542170e72e90a2f253ad565bc63491242,0.0,0.0,0.0,zero-principal
0xde5bdc8883c8761a0834e466c5271f08103e6497,0.0,0.0,0.0,zero-principal
0xdea0588a12e1aa73c6a968ac0cf496e42d0fb4b8,0.0,0.0,0.0,zero-principal
0xdf6887d0ac0281233c07feaf84c4694f0250d73f,0.0,0.0,0.0,zero-principal
0xdf9edf0f16836eb45701a98df3ead2c35ee0a8f7,0.0,0.0,0.0,zero-principal
0xdfb7aa97deb02cb9585aa28b46fb3c16587b0047,0.0,0.0,0.0,zero-principal
0xdfe13692e77bfae3d2b3a2e195073e76359b9422,0.0,0.0,0.0,zero-principal
0xe083545ac37186a5c4edc5cced9e256df9e0df1c,0.0,0.0,0.0,zero-principal
0xe0f2204f672e594caebf9677404e687de44454a5,0.0,0.0,0.0,zero-principal
0xe1398cc987ba2634b87a2142ccc406dfd78279c8,0.0,0.0,0.0,zero-principal
0xe14bcae54b40c86e4e21d5a111fa9b353eb9fc9d,0.0,0.0,0.0,zero-principal
0xe166b0acfe6aab24a08d02e136f0fda183342836,0.0,0.0,0.0,zero-principal
0xe17a87adc23f808b519fd14733d07f75f859aca5,0.0,0.0,0.0,zero-principal
0xe2b85c6d5aeb1df1366f07b7b4bf36a70e336770,0.0,0.0,0.0,zero-principal
0xe498d34e2dc63c80e141c37fcb35d02954e2f731,0.0,0.0,0.0,zero-principal
0xe6289a3c068d0e1f4ad7028c2da6e34fd5eb2d3c,0.0,0.0,0.0,zero-principal
0xe6606a39a2390392ab72fcbc39439d6feaf1ce4b,0.0,0.0,0.0,zero-principal
0xe74feed21998c3aaff9a2e62b48c7372c3c53fd2,0.0,0.0,0.0,zero-principal
0xe8320f636d5448a4193d79841c46f770aa94efa4,0.0,0.0,0.0,zero-principal
0xe837acfeeadd9c79a42c1d8524dac42297babe32,120.0,0.0,120.0,
0xe9e8970c5680a59d707a87f8823f66e9637ce1b7,0.0,0.0,0.0,zero-principal
0xeaac860a021acd872dc3f22fd1c669be15e9f2fa,10.0,0.0,10.0,
0xeab354ccc0c41d52d9a7337309052ff9b6fd5987,27.0,10.0,37.0,
0xeab7f78e37bf677a8124b2c96c29bfe3ee3ddb81,0.0,10.0,10.0,
0xeb8ef75514ec67662bbc3c69b7af2cead54288af,510.0,40.0,550.0,
0xeca844413c6ecdeceae2f1dfe17ece548558d309,0.0,0.0,0.0,zero-principal
0xecac434e4b2a9f6d8d5d010ac43df2e186a62f8c,0.0,20.0,20.0,
0xed8d3dc11ae007a50cfd19926a024a5b66faf174,0.0,0.0,0.0,zero-principal
0xedc6380da12cdbb94b048d8b478c88c45b6a9285,0.0,10.0,10.0,
0xee051464a512df44d4212489f6ff196eeb087863,0.0,10.0,10.0,
0xee598ad87c0d0a445a0d88199ed297a904cd4a58,0.0,0.0,0.0,zero-principal
0xee8fc948629012d4f89608ad7c1cc40740366ad9,0.0,200.0,200.0,
0xee97b5a8c9d67cf5554eb0b0c39bbc63dad57e45,0.0,0.0,0.0,zero-principal
0xf23edf86adc32ea69717115a098384c41c71f15a,10.0,0.0,10.0,
0xf372cedbdf1b8ff5c6d88058beab3af15fb789a2,0.0,0.0,0.0,zero-principal
0xf3cbb8956ad95267f1542f9071e87ebc826c529f,0.0,0.0,0.0,zero-principal
0xf3ff235dfc6227341389632bf2df0ebe065ca2f1,0.0,0.0,0.0,zero-principal
0xf4513d0a5e675bf02dbc60dea232e001fd2f3cd5,0.0,0.0,0.0,zero-principal
0xf5f469082c4930b61048a253c1dc90dfc0b1be1f,0.0,0.0,0.0,zero-principal
0xf76655fede3f9a98dfee27dc0bf13e0eeaa7e6fa,0.0,0.0,0.0,zero-principal
0xf80b71b91f418b01080e7b0e43012de374167dba,0.0,0.0,0.0,zero-principal
0xf8a733119e78e4182edf1435d3cd7c5018b9bfe8,0.0,0.0,0.0,zero-principal
0xf8b62b802eabd08cc8e880e8cb2f58fb505dc73b,0.0,0.0,0.0,zero-principal
0xf938d78205f8acff355b1a6e47a184e45e51e246,0.0,0.0,0.0,zero-principal
0xf93a78160bbcfad2306cd5d42f83cdbadf7f706d,0.0,0.0,0.0,zero-principal
0xf9b64766aaec5e0109c6b531e37b93f93c726e14,0.0,0.0,0.0,zero-principal
0xfa6a897ea814a067994359156fc97ccd788b14d4,0.0,0.0,0.0,zero-principal
0xfac828bfc3fdd4307f2cbf1b559404f925487f39,0.0,0.0,0.0,zero-principal
0xfb925304e0f14db8936d009ee7c7c6bfff62b940,0.0,0.0,0.0,zero-principal
0xfc85315d141abe8b8f09dd8861ffa6c73dc7e95e,0.0,0.0,0.0,zero-principal
0xfc93bcaba4aab3fc4bd0de9f17db333099494a00,0.0,0.0,0.0,zero-principal
0xff641eba4f9121f24108a6fe9067e80e5bd034ea,0.0,0.0,0.0,zero-principal
